id,arm,closing,transfer_closing,drift_closing,residual_grain,d_before,local_spacing,n_within_grain,circumradius,probe_v,probe_a,deep_v,deep_a,panas_pa,panas_na,panas_inspired,basq_v,basq_a,score,map_novelty_grain,affect_novelty
gap_00,gap,0.37055149132463217,0.08804920869792643,0.004265061174547724,1.248946262601184,8.349666160620886,1.251096620986075,0.0,2.3999183825651107,0.6425992735100403,0.48455584938137825,0.7367018338538581,0.4163411461876121,2.4331289820906377,1.3808918612621548,3.1578865417885225,0.51,0.5,0.4285802175279082,1.5431993007659912,0.052439300742824616
gap_01,gap,0.22457927660651322,0.16337474493122184,-0.08817183040268002,1.3085572886869077,7.101349791199253,1.1556471087219486,1.0,2.399269292824363,0.6281162251141346,0.4120650717045311,0.7644165572568358,0.319033277450733,2.8743160976677338,1.8474654614804362,3.691077145627195,0.47045454545454546,0.4709090909090909,1.1413189866192575,1.9350436925888062,0.05234788004977256
gap_02,gap,0.3734103590348261,0.05461681230442006,-0.007269259533591217,1.0790391084912443,7.246687651969875,1.108273733750683,3.0,2.3639946749576817,0.4354197352452783,0.5134476491185831,0.5281893457143929,0.482736001023801,2.5869392281299053,1.933093572481122,3.1240301018717958,0.525,0.5479999999999999,-0.26279413180442646,1.5662297010421753,0.23648071117421035
gap_03,gap,0.4382513273606998,0.11412461891142289,0.026311317192924972,0.914278402280747,6.848918112316101,0.970924843714489,10.0,2.36197397363093,0.6016103481902166,0.4717399790291904,0.6921310831953933,0.46260437627425094,3.1953959669307754,1.9538941458155765,4.089651479488211,0.525,0.5479999999999999,2.0514851337174385,1.3500689268112183,0.10860882988186474
gap_04,gap,0.3405518773441878,0.04279248590211471,-0.14399259906275322,0.9532053270483319,6.0826298998079995,1.0313635239049206,6.0,2.34097673784549,0.6130043399674878,0.4600073239391449,0.6608599062158182,0.4011556371736894,2.4960333477819105,1.5343093500661031,3.1375951236699167,0.51,0.528,0.2536913442092772,1.4804718494415283,0.08517695855917014
gap_05,gap,0.4620216493685132,0.05426088428513842,0.02904607479415396,0.958161124180716,7.494787346342529,1.0721111599918427,5.0,2.29499027769744,0.5757283057359627,0.39102344407450285,0.5097554440668562,0.29322930634465405,2.6690024499012694,1.9227500139725593,3.2736533698230907,0.4375,0.51,0.09798352293803841,1.4909775257110596,0.18990379824752388
gap_06,gap,0.35420813385168937,0.1255056651878248,0.052285374477415734,1.1471535373273185,7.4750576396988055,1.08301722214072,1.0,2.241951152280434,0.5923159723428502,0.5361465656064932,0.5519649253785971,0.5325662987170088,2.7643216922039593,2.3350963592121046,3.1794211025439165,0.4211538461538461,0.5615384615384615,-0.5473150193210385,1.7122262716293335,0.25070803759593874
gap_07,gap,0.4434147422497192,0.10061086870034486,0.1889836774301011,0.9779457537360072,7.393815923973129,1.0797622848621184,3.0,2.240554324212658,0.5928802675404756,0.5288688740233876,0.6256301398955991,0.40314824561130996,2.794173831928962,1.946210000243168,3.2427512359252404,0.5166666666666667,0.49666666666666665,0.21859094984782537,1.5793555974960327,0.11162926430576249
gap_08,gap,0.5307281448648811,0.060744313738193556,0.10309148905101588,0.751376891862629,6.737812084150912,0.9498147067533151,10.0,2.2305796256168566,0.5813509028524737,0.5051717716117928,0.6289557596445123,0.4947551440058029,2.84331529887456,1.7424540975703653,3.2883369679060928,0.5194444444444444,0.5444444444444445,0.6915329246665428,1.713131308555603,0.16998372347300902
gap_09,gap,0.4340266051252992,0.09154125427126802,0.16548602731212925,1.0142780740158674,7.541306441437416,1.0825789041772722,2.0,2.223173115143268,0.6527492406894205,0.5563136792065781,0.7760967328844672,0.49539019307451415,3.368958757173993,1.9593075989130502,4.043502155271234,0.475,0.568,2.2578541479282013,1.67099130153656,0.13704191438454325
gap_10,gap,0.4031514172683436,0.12527100903830446,0.008034273632717063,0.9972199944154505,7.030923596139671,1.1130756756777207,1.0,2.205330813012194,0.6230647346869836,0.4174616137674142,0.6940818097294557,0.4069911003954707,3.2110841464905358,2.1999672535528,3.3137374556650596,0.4791666666666667,0.6233333333333333,0.5824782739887054,1.4255485534667969,0.06113867028548642
gap_11,gap,0.477239676652254,0.08004953651891578,0.13626141250905263,1.0354444584462628,8.335079723807459,1.1667439968253923,2.0,2.1968706467187475,0.6273826056313795,0.5287308356189511,0.6492684712962034,0.45099129857992587,2.621406879626479,2.2527570019816823,2.8962176130230475,0.475,0.508,-1.0455119271449895,1.5984935760498047,0.12394144560312095
gap_12,gap,0.46048351337202253,0.08663034868641617,0.12375131392295602,0.9433032155422905,7.3575320451087824,1.086635571590961,2.0,2.1918654929366497,0.6009668556378706,0.45588031768969484,0.6335772471878243,0.40114302539978625,2.5039514975835644,1.6157406266075771,3.080127249691034,0.51,0.528,0.053707695365107166,1.5047510862350464,0.105056982226003
gap_13,gap,0.47460748943465936,0.1544173584850923,0.06690125463895043,1.0123097585464829,8.108025644993491,1.0967125123936783,3.0,2.1886096958953276,0.6201911525065346,0.4327978363973311,0.6083823005817415,0.3764147413535558,2.615583790781853,1.9407283507257727,3.209870839972611,0.428125,0.6124999999999999,-0.10750869976645311,1.3748948574066162,0.1068952227538579
gap_14,gap,0.4428603055757301,0.14055444564427833,0.1865752087760064,1.0979280654478563,8.292688515092864,1.059689405731973,6.0,2.175250101640218,0.6463806267918581,0.5254958806728592,0.626506500432478,0.47594540490090975,2.8752315269812647,2.1201016016031375,3.8759469582744037,0.525,0.5479999999999999,0.9637556034191407,1.5646544694900513,0.15768119259156224
gap_15,gap,0.3944224852694488,0.10723426666997482,0.06707774194095799,1.0343582168718883,7.187647918873901,0.9514353104269624,10.0,2.1709156490600647,0.5103181646501256,0.36247081805089115,0.5901972341271927,0.366901570634167,2.9246003554464175,1.827765800394862,3.615721929662432,0.48653846153846153,0.5153846153846154,1.147836591731541,1.5044445991516113,0.11831951226000538
hub_00,hub,0.45749453069868296,0.015309773492115042,0.24768269695968925,0.911712619654889,7.071953773498535,0.7807991385397567,10.0,,0.5398722690943709,0.4618675097481722,0.5964450902320317,0.47830361405912153,2.498800697774723,1.7358225710300623,3.19645182362259,0.5125,0.575,0.015864189871175202,1.7357234954833984,0.18158167464091837
hub_01,hub,0.5766618968519084,0.06345509476009437,0.22949373229808245,0.6886393570640188,6.845261573791504,0.792771185501034,10.0,,0.6510004703922968,0.4237166310188715,0.6281045604627131,0.36765403152629134,2.8996266797514956,2.0839117297638685,3.3898864375852438,0.51,0.5,0.37449773299723,1.4913250207901,0.08565187985481322
hub_02,hub,0.23107935613721753,0.08194596311228952,-0.013503677753022006,1.3789665298604858,7.5467119216918945,0.9461253070886958,10.0,,0.6314591212799413,0.4224610169595236,0.6281612247725785,0.38146361525699163,2.44891018444128,1.6464052045949722,3.3444265066758265,0.4791666666666667,0.5433333333333333,0.28889551045249895,1.489074468612671,0.09426443434057225
hub_03,hub,0.5814806757817268,0.05646363224286388,0.25308619541345706,0.8220903974616248,8.265890121459961,0.9266799021486138,10.0,,0.3087217713618966,0.545902715089278,0.4676207142432496,0.5173125289158689,2.616677908368925,2.2988715261314945,3.573083686032876,0.46388888888888885,0.5666666666666667,-0.1707864631014615,1.617342233657837,0.30453200589085194
hub_04,hub,0.5751764264434618,0.07357355385983977,0.059494107929106844,0.6682658517710253,6.619515895843506,0.8320796150443022,10.0,,0.5867947825898548,0.5415037156516224,0.5979815181656498,0.5556046839806185,2.486778274385725,2.0825663405825203,2.7279722164322022,0.6749999999999999,0.58,-1.2259094423306578,1.513314962387085,0.23707026244675805
hub_05,hub,0.44151421938748037,0.09375173327242103,0.1156585105683597,1.1211300422078578,8.447524070739746,1.0251315705904427,8.0,,0.6865821994451733,0.4382433540183272,0.8453430352899022,0.39836690446335615,2.715418120384172,1.6611041478895505,2.7771294540616176,0.52,0.528,-0.10632242837852057,1.5890226364135742,0.11325221714580203
hub_06,hub,0.46620268942102694,0.09526571189705935,0.09751980257088722,0.9036925204267346,7.12409782409668,0.9028329185370836,10.0,,0.550214365880226,0.4911282375810409,0.5964561967705201,0.4592742969875837,2.6272798959730217,2.3978646491921083,3.0416133977144324,0.44642857142857145,0.5971428571428571,-1.0648758562766423,1.4439789056777954,0.17022667571561811
hub_07,hub,0.45972298602911876,0.07663582328067875,0.1263481292405272,0.8023049364615847,6.248971462249756,0.9037775061131621,10.0,,0.5744028594182041,0.3357293341917348,0.639302428338613,0.26550155426568467,2.276722706020021,1.4624061995516384,2.947994354210304,0.52,0.528,-0.25244198254354155,1.3751925230026245,0.07887270777295412
hub_08,hub,0.3686839495534452,0.08052525705029945,0.0963547174813361,1.1056293328889903,7.369674205780029,0.9972930925730386,10.0,,0.5419063199524853,0.47401954396434154,0.5514177653030473,0.44807658031611214,2.5877769919273304,2.3153891868930314,3.1314943886060354,0.5125,0.575,-0.8684029226496911,1.5929145812988281,0.19587439312846383
hub_09,hub,0.44522737358433884,0.12093825228548183,0.17226819194650725,0.840314161487875,6.374002456665039,0.8908655174599976,10.0,,0.6282014171456327,0.45291190694704625,0.6917649401117338,0.3818648600488166,3.041629004720547,1.7438070979532685,3.817632855197846,0.5194444444444444,0.5444444444444445,1.757918572284089,1.5118430852890015,0.049097588415760965
hub_10,hub,0.49970701266535644,0.07074746173696833,0.09360355766734467,0.8397496299014999,7.063354015350342,0.7857190165841635,10.0,,0.48638473256353715,0.5260647131924582,0.5185305729302168,0.5473195076234695,2.626619011748425,1.971363257732995,3.0064127002877554,0.4840909090909091,0.5836363636363636,-0.4267862954874377,1.6641778945922852,0.28560534976800417
hub_11,hub,0.5225504927574132,0.04790558977643822,0.10510192490268488,0.7513920513793998,6.622541904449463,0.7576966861984549,10.0,,0.6003905091757477,0.4780193298261858,0.6149179673386959,0.4552525214200599,2.615447621903332,2.0091825337935867,2.93274259280944,0.6607142857142857,0.58,-0.6100636304171958,1.39340078830719,0.15284194110537322
unpoemed_wiki_00,unpoemed_wiki,0.23765156002252308,0.19092517593429648,0.05431766167248978,3.027205787910514,16.70990562438965,3.574530832268793,0.0,,0.546879017910565,0.42351732963220307,0.5887801400219204,0.42595095698396834,2.7645303332659994,2.3536319035888047,2.9058355919992143,0.475,0.54,-0.9636722894755847,2.102436065673828,0.15345766983229078
unpoemed_wiki_01,unpoemed_wiki,0.2481193524283547,0.19933631755967152,-0.029921628610765232,2.6222904650989,14.676329612731934,2.9112406658095953,0.0,,0.6103458219599941,0.4386170618759539,0.5775391396263976,0.39849386214524884,2.0876082395083246,1.7111342536726213,2.354963920591364,0.4791666666666667,0.5733333333333334,-1.79801721303464,1.7865183353424072,0.14479820828819134
unpoemed_wiki_02,unpoemed_wiki,0.41776303042873286,0.18280417846867214,0.06909301745481951,2.009085196507587,14.520586013793945,2.7663772375243987,0.0,,0.49137426480534674,0.462988276798481,0.6710069741527949,0.3310569710592262,2.656375581483542,2.2394640478121586,2.780703960261821,0.6950000000000001,0.6359999999999999,-1.130851810021931,2.0955638885498047,0.02992536368165927
unpoemed_wiki_03,unpoemed_wiki,0.22437979836013966,0.13884234368825366,0.04254414800925236,2.7299949784790747,14.811474800109863,2.8695213056566304,0.0,,0.584314974558052,0.47093429145823734,0.6601588530701825,0.38960441439438015,2.2972237642795728,1.8593814465221563,2.585919121263766,0.45714285714285713,0.5457142857142857,-1.3724003935812035,1.967551827430725,0.07822448336244761
unpoemed_wiki_04,unpoemed_wiki,0.20330217720074883,0.0968487659680689,-0.05415262967184623,2.366371821103317,12.498990058898926,2.6497512667258203,0.0,,0.6271328697539886,0.5436800719359177,0.6045935346832598,0.43072360106972307,2.626993114671561,2.4040073819683276,2.988330754469503,0.5249999999999999,0.5254545454545455,-1.1505843326192617,1.7156788110733032,0.14627433146254584
unpoemed_wiki_05,unpoemed_wiki,0.31626882300234405,0.06377767943409651,0.0545032027443532,2.080243145182011,12.803074836730957,2.5090072646331327,0.0,,0.41859372388643545,0.6407324631562445,0.4477501423022772,0.49425576624967704,2.598535360390883,2.421967787161936,2.5232899275453455,0.49166666666666664,0.9133333333333332,-1.8829676557349209,1.6401596069335938,0.3060050171399587
unpoemed_wiki_06,unpoemed_wiki,0.10611910712746708,0.08066979959386633,-0.19205268950459708,2.044954821892381,9.626970291137695,2.322536430672558,0.0,,0.49911259823649357,0.5857412501216203,0.5674490549137169,0.5355796283102824,2.814605856021406,2.244194489943726,3.194594405854244,0.38055555555555554,0.6644444444444444,-0.2978105058891426,1.7687908411026,0.24160986750564506
unpoemed_wiki_07,unpoemed_wiki,0.4414733383667736,0.12848491308716103,0.16884364927767573,1.7147190279722455,12.919170379638672,2.279534353225782,0.0,,0.568602013129786,0.3754818921418851,0.5810018415181538,0.388328666425231,3.120987002628263,2.543900955104853,3.709753066544338,0.4375,0.5366666666666666,0.4412251165151523,1.9480453729629517,0.13643479029025016
unpoemed_wiki_08,unpoemed_wiki,0.23270159484872388,0.11490254446447934,-0.007050104356931468,1.9573665338038218,10.734786987304688,2.131141639354628,0.0,,0.5093790653060578,0.46564849195105823,0.5700191283775992,0.4746197195526791,2.443972137337961,1.9522524165547384,2.7033287818665297,0.45,0.5499999999999999,-1.1193971882495015,2.202556610107422,0.20073341672998438
unpoemed_wiki_09,unpoemed_wiki,0.29580515701457444,0.1044012840857248,0.015203850771008942,1.7862834348562902,10.67439079284668,2.1079192438812147,0.0,,0.4854313285550852,0.4125633792049518,0.6220102118454862,0.2906974665965488,2.5363876204289584,1.842185789940832,3.125239869280686,0.4480769230769231,0.5153846153846154,-0.19589748052149442,1.5760971307754517,0.08081652213797719
unpoemed_wiki_10,unpoemed_wiki,0.30029408302439886,0.10089587264601085,0.006864906360225113,1.8158526747063504,10.920703887939453,2.120087607778139,0.0,,0.5467407549854374,0.3347584960062955,0.7096169715793288,0.3886331260470605,2.6607918004516398,1.6246580183811699,3.2214312690755986,0.5159090909090909,0.5072727272727273,0.49239885749462986,1.735599160194397,0.03723757116904305
unpoemed_wiki_11,unpoemed_wiki,0.37144857758646954,0.15086240006056428,0.08573527298096835,1.6835182895712761,11.271003723144531,2.1442996898985616,0.0,,0.4706039936827653,0.5540592138306547,0.4995620317473173,0.5243090692495918,3.028138997388251,2.8368008081272817,3.1741461287659716,0.41875,0.605,-0.9390259862310661,1.741376280784607,0.286142300907681
unpoemed_contemplative_00,unpoemed_contemplative,0.20999367391405865,0.05615647142409197,0.024483479781929218,2.438460306386997,12.988849639892578,2.732935483229463,0.0,,0.5163495089306285,0.4745260551255876,0.5425498196826166,0.46069710542565334,2.8850418280099164,2.2664360319592385,3.7706009502196247,0.4840909090909091,0.5836363636363636,0.5943086994353827,2.0323495864868164,0.21091169191333334
unpoemed_contemplative_01,unpoemed_contemplative,0.29568961088711754,0.1404380435669188,0.06154351583717269,2.1749992393781064,12.995128631591797,2.5135924123872644,0.0,,0.47669907547162227,0.4016658728228655,0.6067444275656778,0.41526960900839077,2.9509680482060925,2.458589496219277,3.1904231288787024,0.42750000000000005,0.616,-0.4297519627951584,1.6747413873672485,0.13326251632475158
unpoemed_contemplative_02,unpoemed_contemplative,0.17109710698127734,0.0680633601142917,-0.1352386688844859,2.4694492604573894,12.536664962768555,2.5554679195747587,0.0,,0.5414362035192818,0.4834336959767741,0.6276124083434729,0.3306725884224659,2.668907989118972,2.021095722308652,2.8105990637284064,0.51,0.5,-0.7156215905515838,1.7636791467666626,0.07150399160049185
unpoemed_contemplative_03,unpoemed_contemplative,0.25137210081418704,0.08281781412619227,-0.01759163411736801,2.320479777061015,13.043596267700195,2.487982485696484,0.0,,0.5799088513779672,0.36745852542953955,0.6411684145631622,0.46708632598121713,3.2496106499303545,1.7875793824342256,3.6079350188014407,0.5113636363636364,0.5145454545454545,1.7267230373284685,1.8170733451843262,0.1411315133107339
unpoemed_contemplative_04,unpoemed_contemplative,0.22653930084292495,0.0773036456469286,-0.0712554875700655,2.0483306799857743,11.144161224365234,2.433800824485804,0.0,,0.5341282776250155,0.43205962575901363,0.657989465964125,0.4060320913646091,2.7420493498260994,1.7938105840714258,3.188325972330043,0.485,0.5106666666666667,0.3036246136033151,2.163154363632202,0.0899453648014799
unpoemed_contemplative_05,unpoemed_contemplative,0.19859533417456454,0.02224214503345079,-0.08657744052133236,2.6204402700482508,13.759668350219727,2.5646821810114666,0.0,,0.5761816338146792,0.4990968509114765,0.7580748150845638,0.33666237060371473,3.0663177690767216,2.0515720232255648,3.4095381952629986,0.446875,0.605,0.7237686185974208,1.8279454708099365,0.03416475923842365
unpoemed_contemplative_06,unpoemed_contemplative,0.24863225977233272,0.08426913830604932,-0.07823701070755777,2.2257184704094852,12.465314865112305,2.4267519983392662,0.0,,0.4371331460764269,0.46271103477100706,0.5361896311141396,0.4492574425650995,2.735610075925666,1.9229829068160804,3.229891808388851,0.4519230769230769,0.5707692307692308,0.14333366445133777,2.0711421966552734,0.20825865525572582
unpoemed_contemplative_07,unpoemed_contemplative,0.4488630288898895,0.07867248698475404,0.13062964721039771,1.697459794829822,12.960612297058105,2.385538019734923,0.0,,0.5612496789468029,0.5195624158351017,0.5555600782776813,0.4110346810835851,2.1387719151574807,2.026057333221708,2.4065784106178407,0.4321428571428571,0.5742857142857142,-2.151097283797026,1.973518967628479,0.17005129273079644
unpoemed_contemplative_08,unpoemed_contemplative,0.20678167718618579,0.0683097220324349,0.07257560836621357,2.2124289753372106,11.737136840820312,2.4228016370056236,0.0,,0.5753340303126634,0.4839851087305971,0.590052532324288,0.4560999477436234,2.564137904857573,2.1496050163504643,3.3165049689019694,0.46388888888888885,0.5666666666666667,-0.37725877217235354,1.640163540840149,0.17386385257937734
unpoemed_contemplative_09,unpoemed_contemplative,0.36728083240994747,0.09154398987785062,0.003616871540804256,1.962472020587386,13.052029609680176,2.4485024417237566,0.0,,0.6086029524882166,0.4638116655928249,0.5567334965150381,0.38152316194817726,2.7655741463213896,1.9433260843723865,3.4444251165999002,0.4428571428571429,0.47428571428571425,0.46214914401748675,1.8099956512451172,0.1548359676384846
unpoemed_contemplative_10,unpoemed_contemplative,0.228636464230624,0.11639235917762358,0.04534240520049715,2.2164881183494805,12.091825485229492,2.2779400217484036,0.0,,0.6095800196706385,0.4245237693931791,0.6753037167175812,0.3924714365632762,2.760990059460445,1.91491701535091,3.103908820225093,0.5194444444444444,0.5444444444444445,0.019262190106636407,1.7176480293273926,0.06840610902454271
unpoemed_contemplative_11,unpoemed_contemplative,0.3701804451377996,0.07429776402280241,-0.03446549910675482,1.7575988393448148,11.743273735046387,2.3695362348088795,0.0,,0.523720877018558,0.5333756292411529,0.47224286192922205,0.475319574755416,2.115915517461425,1.6956933094020894,3.082235956014544,0.5125,0.575,-0.6992433773696068,2.309752941131592,0.27508067773010053
random_00,random,0.4955469760072917,0.08413233282064603,0.11371969079921285,0.8145782767146019,6.795128316340224,1.0295368746211198,6.0,,0.5524555533473584,0.4931398372787695,0.6711225057592143,0.511100153096162,3.1959704717450457,1.8810575633497053,3.65587546789002,0.5125,0.575,1.5568569347701242,1.6565593481063843,0.16145116445973368
random_01,random,0.4307945072575313,0.11960325130952754,0.17285763233841298,0.9141340327216138,6.758127226091719,0.9538042341884885,10.0,,0.5337700683632873,0.44366048695992705,0.6171397833864549,0.47157399437621145,2.6212333720904732,2.022449423086755,3.3674570644859414,0.4375,0.51,-0.0076135465056171026,1.5110949277877808,0.16145967644522904
random_02,random,0.45667069743982835,0.0429649743522188,0.12723887177095106,0.875869160167415,6.783622546331396,0.9672261600664603,10.0,,0.5724937062952441,0.43049275090479977,0.5932974814945629,0.46267308278313546,2.5889942866499136,1.7260667979377415,3.363400184975645,0.47045454545454546,0.5254545454545455,0.4133168370312755,1.550264596939087,0.1747503937541624
random_03,random,0.609741742909488,0.06092166482945127,0.3438914492710691,0.6523812592117227,7.0345276972989845,0.8294148709505703,10.0,,0.5204797301970191,0.4216953191129438,0.5915200066444314,0.3964193647714682,2.7138785501994676,2.191576043177302,3.3858458695607427,0.525,0.5479999999999999,-0.10515704043522967,1.3609464168548584,0.13215262828817473
random_04,random,0.525397925017364,0.12390536541945885,0.22388860247817957,0.8476493402961827,7.515747198010533,1.0220938444648902,6.0,,0.6008640193829566,0.48722169758579836,0.611811417629237,0.36198837223177627,2.771773534273625,2.0555503906395094,3.305722835409636,0.39999999999999997,0.53,0.09481285841142832,1.7186602354049683,0.0967014989522204
random_05,random,0.5371985567013557,0.06293130094461352,0.2972693781200066,0.7906636196576556,7.189233999853854,0.9273461192630861,10.0,,0.4308719902085415,0.5715819433768323,0.556536703179635,0.5473291916001648,2.505334286938239,1.9428566283627124,3.286272283717875,0.47045454545454546,0.5254545454545455,-0.18102520141653466,1.4858506917953491,0.2576374622022413
random_06,random,0.6150290789941725,0.09408720986667285,0.164286001809445,0.6675567508661411,7.297024997507182,1.0170391680705355,7.0,,0.49128048004434405,0.43443230767681945,0.6276959573549129,0.3811994246692413,2.8094878454246013,2.3334622790345065,3.5085500148932427,0.425,0.492,-0.00644644797966426,1.6431628465652466,0.09443318686417701
random_07,random,0.5283960410080646,0.1162435527088912,-0.00951332315501722,0.7494223910444564,6.687053385412241,1.1162471945578205,1.0,,0.4955302144921079,0.39168032559657423,0.6231351126919665,0.36378694544507184,2.689466631254244,2.216412395473068,3.62711746353411,0.5194444444444444,0.5444444444444445,0.15636692498915022,1.6457445621490479,0.08768119281822093
random_08,random,0.5164166708540979,0.06135852224202176,0.28520374114263675,0.774377192662151,6.738555359235588,0.8546153048211641,10.0,,0.5521217105086451,0.48910573470491425,0.646635154512168,0.48133216327719447,2.555737049342342,1.8807858054908742,3.1419947656797476,0.5159090909090909,0.5072727272727273,-0.20330697713161755,1.4959979057312012,0.14845156057955514
random_09,random,0.47218152213470754,0.12047983350456115,0.22746806705702907,0.8617171642674712,6.870142125360528,0.9070130676222822,10.0,,0.7193140905145751,0.41821029077524324,0.6823587859147121,0.3979107068784084,2.6038421956564006,1.625147253583999,3.5743956829918804,0.5083333333333333,0.5133333333333333,0.8985873521394343,1.4249818325042725,0.06474911430558103
random_10,random,0.44815014837247225,0.10399163371745113,-0.09650162529856195,0.8000307177945589,6.10058243772874,0.9245999085445694,10.0,,0.5310823752814976,0.4079433106168115,0.6392563479696407,0.3018312020215318,2.6050844318981934,1.9510208768525725,2.82232614084976,0.525,0.5479999999999999,-0.6889460336727925,1.51948082447052,0.06098713017780122
random_11,random,0.506277913855212,0.08064863943864264,0.3608109399269422,0.8408351367584251,7.166611534206378,0.9877877249972323,10.0,,0.5804299644618391,0.5615519911665798,0.5606144590017929,0.5258013414895105,2.926912171218642,2.1852617445363203,3.386815251598204,0.5194444444444444,0.6155555555555555,0.2505213149172024,1.4787460565567017,0.2397587419649506
language_calm,language,,,,,,,,,0.7418019720615552,0.1148081007756529,0.746719318574667,0.1730047174830725,2.565493337348551,1.6495715986702753,3.0710135609678892,0.4044117647058823,0.54,0.08558489734615626,,0.0
language_nirvana,language,,,,,,,,,0.7467100854187582,0.26661049549114,0.7235140384455838,0.2447805202052502,2.626324108402306,1.5828846321845191,3.3507203375440415,0.4785714285714286,0.4828571428571428,0.6869691082450138,,0.0
language_receptive,language,,,,,,,,,0.7131018237080287,0.3425616495183486,0.6980145686786223,0.3181683237520777,2.5445377293886056,1.9522135825419724,3.067195473824071,0.43125,0.4875,-0.44251278924181137,,0.0
language_creativity,language,,,,,,,,,0.6630352924307538,0.3880270335259467,0.71713168103778,0.2931962324332334,2.5475084149801317,1.9875708887948913,3.2808026022016943,0.45,0.4875,-0.19286043922907883,,0.0
language_imaginative,language,,,,,,,,,0.7550616658018718,0.3805373011365817,0.7374606787523894,0.3639073363239718,2.7838672160815587,1.6700004232772825,3.637904022568027,0.5096153846153846,0.5030769230769231,1.2067061203824436,,0.0
language_awe,language,,,,,,,,,0.8256186813346744,0.4542360199668928,0.7124674960436932,0.3314419207443342,2.945673706408152,1.853606262291945,3.628130267732645,0.43125,0.4875,1.157677429532915,,0.0
