condition,gen,n_hops,drift,ttr,n_tokens,rule,start,build
polygon_S1,0,4,0.17715153098106384,0.8314606741573034,89,polygon,S1,polygon_S1
polygon_S1,1,5,0.18592607975006104,0.8275862068965517,87,polygon,S1,polygon_S1
polygon_S1,2,4,0.15976223349571228,0.9814814814814815,54,polygon,S1,polygon_S1
polygon_S1,3,0,,1.0,2,polygon,S1,polygon_S1
polygon_S1,4,4,0.2596491277217865,0.95,40,polygon,S1,polygon_S1
polygon_S1,5,7,0.169778510928154,0.9438202247191011,89,polygon,S1,polygon_S1
polygon_S1,6,3,0.23527385294437408,0.9714285714285714,35,polygon,S1,polygon_S1
polygon_S1,7,4,0.4895488917827606,0.8695652173913043,46,polygon,S1,polygon_S1
polygon_S1,8,0,,1.0,16,polygon,S1,polygon_S1
polygon_S1,9,2,0.24061423540115356,0.9607843137254902,51,polygon,S1,polygon_S1
polygon_S1,10,0,,1.0,5,polygon,S1,polygon_S1
polygon_S1,11,5,0.2666153013706207,0.8783783783783784,74,polygon,S1,polygon_S1
polygon_S1,12,6,0.2610015571117401,0.782608695652174,92,polygon,S1,polygon_S1
polygon_S1,13,5,0.18373307585716248,0.8314606741573034,89,polygon,S1,polygon_S1
polygon_S1,14,5,0.18398860096931458,0.9239130434782609,92,polygon,S1,polygon_S1
polygon_S1,15,5,0.16542702913284302,0.9285714285714286,84,polygon,S1,polygon_S1
polygon_S1,16,3,0.3083523213863373,0.9672131147540983,61,polygon,S1,polygon_S1
polygon_S1,17,4,0.2823832631111145,0.9642857142857143,56,polygon,S1,polygon_S1
polygon_S1,18,9,0.3110620081424713,0.8765432098765432,81,polygon,S1,polygon_S1
polygon_S1,19,7,0.2590627670288086,0.9178082191780822,73,polygon,S1,polygon_S1
polygon_S1,20,0,,1.0,3,polygon,S1,polygon_S1
polygon_S1,21,7,0.3289295732975006,0.9195402298850575,87,polygon,S1,polygon_S1
polygon_S1,22,6,0.27070361375808716,0.9285714285714286,56,polygon,S1,polygon_S1
polygon_S1,23,5,0.20985937118530273,0.9361702127659575,94,polygon,S1,polygon_S1
polygon_S1,24,11,0.3610709309577942,0.8987341772151899,79,polygon,S1,polygon_S1
polygon_S1,25,3,0.16654066741466522,0.9038461538461539,52,polygon,S1,polygon_S1
polygon_S1,26,8,0.32154396176338196,0.9294117647058824,85,polygon,S1,polygon_S1
polygon_S1,27,8,0.4487867057323456,0.9824561403508771,57,polygon,S1,polygon_S1
polygon_S1,28,3,0.20593798160552979,0.9456521739130435,92,polygon,S1,polygon_S1
polygon_S1,29,2,0.15986737608909607,0.9428571428571428,70,polygon,S1,polygon_S1
polygon_S1,30,4,0.2219923436641693,0.8666666666666667,45,polygon,S1,polygon_S1
polygon_S1,31,9,0.22508399188518524,0.8888888888888888,90,polygon,S1,polygon_S1
polygon_S1,32,3,0.12491335719823837,0.9032258064516129,93,polygon,S1,polygon_S1
polygon_S1,33,3,0.2538561522960663,0.9696969696969697,33,polygon,S1,polygon_S1
polygon_S1,34,1,0.4006756544113159,0.967741935483871,31,polygon,S1,polygon_S1
polygon_S1,35,7,0.23568680882453918,0.84375,64,polygon,S1,polygon_S1
polygon_S1,36,4,0.251322865486145,0.9375,64,polygon,S1,polygon_S1
polygon_S1,37,1,0.1535857915878296,0.9333333333333333,30,polygon,S1,polygon_S1
polygon_S1,38,3,0.21373051404953003,0.8571428571428571,49,polygon,S1,polygon_S1
polygon_S1,39,4,0.19446568191051483,0.7956989247311828,93,polygon,S1,polygon_S1
polygon_S1,40,5,0.18436983227729797,0.8829787234042553,94,polygon,S1,polygon_S1
polygon_S1,41,3,0.19568681716918945,0.9523809523809523,63,polygon,S1,polygon_S1
polygon_S1,42,5,0.22128233313560486,0.9540229885057471,87,polygon,S1,polygon_S1
polygon_S1,43,7,0.2430259883403778,0.9069767441860465,86,polygon,S1,polygon_S1
polygon_S1,44,6,0.182949498295784,0.9052631578947369,95,polygon,S1,polygon_S1
polygon_S1,45,4,0.16883020102977753,0.8695652173913043,92,polygon,S1,polygon_S1
polygon_S1,46,2,0.1091335117816925,0.9036144578313253,83,polygon,S1,polygon_S1
polygon_S1,47,4,0.16020648181438446,0.7912087912087912,91,polygon,S1,polygon_S1
polygon_S1,48,5,0.3276765048503876,0.9791666666666666,48,polygon,S1,polygon_S1
polygon_S1,49,1,0.1980230212211609,1.0,24,polygon,S1,polygon_S1
polygon_S1,50,0,,0.9473684210526315,19,polygon,S1,polygon_S1
polygon_S1,51,6,0.17287127673625946,0.9111111111111111,90,polygon,S1,polygon_S1
polygon_S1,52,0,,1.0,1,polygon,S1,polygon_S1
polygon_S1,53,2,0.07522156834602356,0.865979381443299,97,polygon,S1,polygon_S1
polygon_S1,54,6,0.1902853101491928,0.8947368421052632,95,polygon,S1,polygon_S1
polygon_S1,55,2,0.35178181529045105,1.0,25,polygon,S1,polygon_S1
polygon_S1,56,0,,0.9545454545454546,22,polygon,S1,polygon_S1
polygon_S1,57,5,0.24889421463012695,0.8617021276595744,94,polygon,S1,polygon_S1
polygon_S1,58,6,0.3137402832508087,0.8604651162790697,86,polygon,S1,polygon_S1
polygon_S1,59,0,,1.0,3,polygon,S1,polygon_S1
polygon_S1,60,3,0.16660736501216888,0.9010989010989011,91,polygon,S1,polygon_S1
polygon_S1,61,3,0.2624162435531616,0.9302325581395349,43,polygon,S1,polygon_S1
polygon_S1,62,3,0.12600523233413696,0.8902439024390244,82,polygon,S1,polygon_S1
polygon_S1,63,5,0.32222142815589905,0.8947368421052632,57,polygon,S1,polygon_S1
polygon_S1,64,3,0.26736709475517273,0.8734177215189873,79,polygon,S1,polygon_S1
polygon_S1,65,4,0.18297657370567322,0.8631578947368421,95,polygon,S1,polygon_S1
polygon_S1,66,4,0.21435067057609558,0.8222222222222222,90,polygon,S1,polygon_S1
polygon_S1,67,7,0.16154304146766663,0.8764044943820225,89,polygon,S1,polygon_S1
polygon_S1,68,6,0.4240768849849701,0.8809523809523809,42,polygon,S1,polygon_S1
polygon_S1,69,10,0.24132589995861053,0.8936170212765957,94,polygon,S1,polygon_S1
polygon_S1,70,6,0.18866701424121857,0.95,100,polygon,S1,polygon_S1
polygon_S1,71,10,0.3902257978916168,0.927536231884058,69,polygon,S1,polygon_S1
polygon_S1,72,7,0.16032348573207855,0.9148936170212766,94,polygon,S1,polygon_S1
polygon_S1,73,3,0.21623890101909637,0.967741935483871,62,polygon,S1,polygon_S1
polygon_S1,74,5,0.31634607911109924,0.8955223880597015,67,polygon,S1,polygon_S1
polygon_S1,75,6,0.27404719591140747,0.9615384615384616,52,polygon,S1,polygon_S1
polygon_S1,76,7,0.27445000410079956,0.8153846153846154,65,polygon,S1,polygon_S1
polygon_S1,77,1,0.3706098198890686,1.0,14,polygon,S1,polygon_S1
polygon_S1,78,5,0.3081907331943512,0.9107142857142857,56,polygon,S1,polygon_S1
polygon_S1,79,14,0.3472939133644104,0.8705882352941177,85,polygon,S1,polygon_S1
polygon_S1,80,7,0.2028040736913681,0.8387096774193549,93,polygon,S1,polygon_S1
polygon_S1,81,1,0.1759282350540161,0.9565217391304348,69,polygon,S1,polygon_S1
polygon_S1,82,2,0.5396496653556824,0.9545454545454546,22,polygon,S1,polygon_S1
polygon_S1,83,5,0.21720090508460999,0.8571428571428571,91,polygon,S1,polygon_S1
polygon_S1,84,7,0.2726673483848572,0.8571428571428571,84,polygon,S1,polygon_S1
polygon_S1,85,6,0.34141167998313904,0.9245283018867925,53,polygon,S1,polygon_S1
polygon_S1,86,3,0.19879329204559326,0.8985507246376812,69,polygon,S1,polygon_S1
polygon_S1,87,8,0.2783779203891754,0.8873239436619719,71,polygon,S1,polygon_S1
polygon_S1,88,3,0.25091060996055603,0.967741935483871,31,polygon,S1,polygon_S1
polygon_S1,89,2,0.31790027022361755,0.8941176470588236,85,polygon,S1,polygon_S1
polygon_S1,90,3,0.13669316470623016,0.9382716049382716,81,polygon,S1,polygon_S1
polygon_S1,91,4,0.23803991079330444,0.9325842696629213,89,polygon,S1,polygon_S1
polygon_S1,92,1,0.0848473310470581,0.96875,32,polygon,S1,polygon_S1
polygon_S1,93,4,0.4040375351905823,0.9117647058823529,34,polygon,S1,polygon_S1
polygon_S1,94,4,0.1733245849609375,0.9186046511627907,86,polygon,S1,polygon_S1
polygon_S1,95,3,0.201493039727211,0.972972972972973,37,polygon,S1,polygon_S1
polygon_S1,96,6,0.18357841670513153,0.875,88,polygon,S1,polygon_S1
polygon_S1,97,6,0.222478985786438,0.8295454545454546,88,polygon,S1,polygon_S1
polygon_S1,98,1,0.3231450915336609,1.0,25,polygon,S1,polygon_S1
polygon_S1,99,3,0.14027731120586395,0.9466666666666667,75,polygon,S1,polygon_S1
walk_S1,0,2,0.22200748324394226,0.9047619047619048,21,walk,S1,walk_S1
walk_S1,1,3,0.14269091188907623,0.896551724137931,87,walk,S1,walk_S1
walk_S1,2,3,0.18971334397792816,0.9183673469387755,49,walk,S1,walk_S1
walk_S1,3,0,,1.0,8,walk,S1,walk_S1
walk_S1,4,9,0.3347788453102112,0.9325842696629213,89,walk,S1,walk_S1
walk_S1,5,10,0.3000113368034363,0.9325842696629213,89,walk,S1,walk_S1
walk_S1,6,4,0.3265889883041382,1.0,28,walk,S1,walk_S1
walk_S1,7,5,0.2405293881893158,0.9565217391304348,92,walk,S1,walk_S1
walk_S1,8,5,0.1440214216709137,0.9042553191489362,94,walk,S1,walk_S1
walk_S1,9,5,0.25800877809524536,0.863013698630137,73,walk,S1,walk_S1
walk_S1,10,1,0.2047358751296997,0.9117647058823529,34,walk,S1,walk_S1
walk_S1,11,9,0.25478875637054443,0.9042553191489362,94,walk,S1,walk_S1
walk_S1,12,0,,1.0,9,walk,S1,walk_S1
walk_S1,13,2,0.39330098032951355,0.9354838709677419,31,walk,S1,walk_S1
walk_S1,14,4,0.22418518364429474,0.9622641509433962,53,walk,S1,walk_S1
walk_S1,15,4,0.2027541548013687,0.9272727272727272,55,walk,S1,walk_S1
walk_S1,16,2,0.12516164779663086,1.0,35,walk,S1,walk_S1
walk_S1,17,0,,0.9545454545454546,22,walk,S1,walk_S1
walk_S1,18,4,0.1624969094991684,0.9484536082474226,97,walk,S1,walk_S1
walk_S1,19,4,0.15807855129241943,0.8478260869565217,92,walk,S1,walk_S1
walk_S1,20,4,0.2035638839006424,0.95,60,walk,S1,walk_S1
walk_S1,21,1,0.07707005739212036,0.9595959595959596,99,walk,S1,walk_S1
walk_S1,22,3,0.11526910215616226,0.9247311827956989,93,walk,S1,walk_S1
walk_S1,23,7,0.23269613087177277,0.8108108108108109,74,walk,S1,walk_S1
walk_S1,24,5,0.21478143334388733,0.8705882352941177,85,walk,S1,walk_S1
walk_S1,25,5,0.20584900677204132,0.8571428571428571,70,walk,S1,walk_S1
walk_S1,26,10,0.3349287509918213,0.875,80,walk,S1,walk_S1
walk_S1,27,3,0.24427349865436554,0.8372093023255814,43,walk,S1,walk_S1
walk_S1,28,7,0.21489956974983215,0.9647058823529412,85,walk,S1,walk_S1
walk_S1,29,4,0.18291710317134857,0.9069767441860465,86,walk,S1,walk_S1
walk_S1,30,4,0.2948380708694458,0.8620689655172413,87,walk,S1,walk_S1
walk_S1,31,7,0.1959996074438095,0.9239130434782609,92,walk,S1,walk_S1
walk_S1,32,2,0.20093777775764465,0.8947368421052632,38,walk,S1,walk_S1
walk_S1,33,1,0.21469497680664062,0.9545454545454546,22,walk,S1,walk_S1
walk_S1,34,5,0.17608967423439026,0.9041095890410958,73,walk,S1,walk_S1
walk_S1,35,3,0.307339608669281,0.9666666666666667,30,walk,S1,walk_S1
walk_S1,36,9,0.31968843936920166,0.9101123595505618,89,walk,S1,walk_S1
walk_S1,37,2,0.17977499961853027,0.8545454545454545,55,walk,S1,walk_S1
walk_S1,38,3,0.1292971819639206,0.9206349206349206,63,walk,S1,walk_S1
walk_S1,39,0,,0.9411764705882353,34,walk,S1,walk_S1
walk_S1,40,3,0.12750710546970367,0.8985507246376812,69,walk,S1,walk_S1
walk_S1,41,3,0.09308590739965439,0.875,48,walk,S1,walk_S1
walk_S1,42,0,,0.8888888888888888,18,walk,S1,walk_S1
walk_S1,43,3,0.14717400074005127,1.0,34,walk,S1,walk_S1
walk_S1,44,3,0.11017757654190063,0.8955223880597015,67,walk,S1,walk_S1
walk_S1,45,6,0.23924286663532257,0.891566265060241,83,walk,S1,walk_S1
walk_S1,46,6,0.19779185950756073,0.9204545454545454,88,walk,S1,walk_S1
walk_S1,47,1,0.21012485027313232,0.9615384615384616,26,walk,S1,walk_S1
walk_S1,48,5,0.2684890031814575,0.967741935483871,62,walk,S1,walk_S1
walk_S1,49,4,0.17952151596546173,0.9340659340659341,91,walk,S1,walk_S1
walk_S1,50,0,,1.0,14,walk,S1,walk_S1
walk_S1,51,4,0.22819918394088745,0.9508196721311475,61,walk,S1,walk_S1
walk_S1,52,3,0.2515743672847748,0.9666666666666667,30,walk,S1,walk_S1
walk_S1,53,5,0.27623072266578674,0.7976190476190477,84,walk,S1,walk_S1
walk_S1,54,4,0.1311127245426178,0.925531914893617,94,walk,S1,walk_S1
walk_S1,55,3,0.11321397870779037,0.9052631578947369,95,walk,S1,walk_S1
walk_S1,56,9,0.24743975698947906,0.8666666666666667,90,walk,S1,walk_S1
walk_S1,57,0,,0.967741935483871,31,walk,S1,walk_S1
walk_S1,58,4,0.17313924431800842,0.835820895522388,67,walk,S1,walk_S1
walk_S1,59,2,0.21775728464126587,0.9285714285714286,42,walk,S1,walk_S1
walk_S1,60,2,0.10382476449012756,0.9777777777777777,45,walk,S1,walk_S1
walk_S1,61,4,0.15131674706935883,0.8709677419354839,93,walk,S1,walk_S1
walk_S1,62,3,0.35010480880737305,0.9512195121951219,41,walk,S1,walk_S1
walk_S1,63,5,0.15073534846305847,0.9195402298850575,87,walk,S1,walk_S1
walk_S1,64,5,0.16658136248588562,0.8279569892473119,93,walk,S1,walk_S1
walk_S1,65,2,0.21053004264831543,0.9272727272727272,55,walk,S1,walk_S1
walk_S1,66,3,0.15986496210098267,0.9405940594059405,101,walk,S1,walk_S1
walk_S1,67,3,0.19385375082492828,0.875,56,walk,S1,walk_S1
walk_S1,68,9,0.429226815700531,0.8823529411764706,51,walk,S1,walk_S1
walk_S1,69,9,0.33651813864707947,0.8586956521739131,92,walk,S1,walk_S1
walk_S1,70,3,0.2076391577720642,0.9473684210526315,19,walk,S1,walk_S1
walk_S1,71,1,0.21675610542297363,1.0,20,walk,S1,walk_S1
walk_S1,72,3,0.1242128238081932,0.9666666666666667,90,walk,S1,walk_S1
walk_S1,73,9,0.29144003987312317,0.8977272727272727,88,walk,S1,walk_S1
walk_S1,74,4,0.26188790798187256,0.8787878787878788,66,walk,S1,walk_S1
walk_S1,75,5,0.2034633904695511,0.9305555555555556,72,walk,S1,walk_S1
walk_S1,76,2,0.14763396978378296,0.9166666666666666,36,walk,S1,walk_S1
walk_S1,77,2,0.1109468936920166,0.9285714285714286,42,walk,S1,walk_S1
walk_S1,78,3,0.20233826339244843,0.875,40,walk,S1,walk_S1
walk_S1,79,1,0.3555784225463867,1.0,25,walk,S1,walk_S1
walk_S1,80,7,0.20665398240089417,0.8426966292134831,89,walk,S1,walk_S1
walk_S1,81,7,0.3155824542045593,0.896551724137931,87,walk,S1,walk_S1
walk_S1,82,5,0.17037945985794067,0.918918918918919,74,walk,S1,walk_S1
walk_S1,83,5,0.2353096455335617,0.8651685393258427,89,walk,S1,walk_S1
walk_S1,84,5,0.24255307018756866,0.9302325581395349,43,walk,S1,walk_S1
walk_S1,85,6,0.2523622214794159,0.90625,64,walk,S1,walk_S1
walk_S1,86,1,0.1462964415550232,0.9655172413793104,29,walk,S1,walk_S1
walk_S1,87,2,0.11690446734428406,0.875,80,walk,S1,walk_S1
walk_S1,88,1,0.1488475799560547,0.9534883720930233,43,walk,S1,walk_S1
walk_S1,89,0,,1.0,3,walk,S1,walk_S1
walk_S1,90,1,0.32593071460723877,1.0,24,walk,S1,walk_S1
walk_S1,91,5,0.2307283878326416,0.9078947368421053,76,walk,S1,walk_S1
walk_S1,92,5,0.30826160311698914,0.9368421052631579,95,walk,S1,walk_S1
walk_S1,93,3,0.15653038024902344,0.9130434782608695,92,walk,S1,walk_S1
walk_S1,94,0,,1.0,10,walk,S1,walk_S1
walk_S1,95,1,0.1059529185295105,0.9166666666666666,12,walk,S1,walk_S1
walk_S1,96,11,0.30271223187446594,0.9325842696629213,89,walk,S1,walk_S1
walk_S1,97,3,0.29137203097343445,0.926829268292683,41,walk,S1,walk_S1
walk_S1,98,3,0.19691430032253265,0.8775510204081632,49,walk,S1,walk_S1
walk_S1,99,5,0.2678941786289215,0.90625,64,walk,S1,walk_S1
polygon_S2,0,4,0.15539799630641937,0.9101123595505618,89,polygon,S2,polygon_S2
polygon_S2,1,9,0.218878835439682,0.9101123595505618,89,polygon,S2,polygon_S2
polygon_S2,2,4,0.1967211365699768,0.9090909090909091,88,polygon,S2,polygon_S2
polygon_S2,3,2,0.3680981993675232,0.9375,32,polygon,S2,polygon_S2
polygon_S2,4,0,,1.0,16,polygon,S2,polygon_S2
polygon_S2,5,6,0.19605900347232819,0.8571428571428571,98,polygon,S2,polygon_S2
polygon_S2,6,4,0.1822901964187622,0.9120879120879121,91,polygon,S2,polygon_S2
polygon_S2,7,7,0.3420456349849701,0.8571428571428571,84,polygon,S2,polygon_S2
polygon_S2,8,5,0.1914753019809723,0.875,88,polygon,S2,polygon_S2
polygon_S2,9,7,0.25362226366996765,0.9090909090909091,77,polygon,S2,polygon_S2
polygon_S2,10,0,,1.0,5,polygon,S2,polygon_S2
polygon_S2,11,3,0.2259148359298706,1.0,42,polygon,S2,polygon_S2
polygon_S2,12,5,0.22401681542396545,0.875,88,polygon,S2,polygon_S2
polygon_S2,13,8,0.3470284342765808,0.8924731182795699,93,polygon,S2,polygon_S2
polygon_S2,14,5,0.17168627679347992,0.9195402298850575,87,polygon,S2,polygon_S2
polygon_S2,15,5,0.16117240488529205,0.9090909090909091,88,polygon,S2,polygon_S2
polygon_S2,16,5,0.30267301201820374,0.9032258064516129,62,polygon,S2,polygon_S2
polygon_S2,17,5,0.18650075793266296,0.9120879120879121,91,polygon,S2,polygon_S2
polygon_S2,18,4,0.203231543302536,0.9278350515463918,97,polygon,S2,polygon_S2
polygon_S2,19,6,0.27602410316467285,0.9111111111111111,90,polygon,S2,polygon_S2
polygon_S2,20,5,0.19195273518562317,0.9545454545454546,44,polygon,S2,polygon_S2
polygon_S2,21,4,0.33597636222839355,0.96,50,polygon,S2,polygon_S2
polygon_S2,22,3,0.17271684110164642,0.8888888888888888,81,polygon,S2,polygon_S2
polygon_S2,23,9,0.24524106085300446,0.9148936170212766,94,polygon,S2,polygon_S2
polygon_S2,24,5,0.16306161880493164,0.9178082191780822,73,polygon,S2,polygon_S2
polygon_S2,25,1,0.11325186491012573,0.9821428571428571,56,polygon,S2,polygon_S2
polygon_S2,26,2,0.20425894856452942,0.9722222222222222,36,polygon,S2,polygon_S2
polygon_S2,27,6,0.32622861862182617,0.9436619718309859,71,polygon,S2,polygon_S2
polygon_S2,28,4,0.19043464958667755,0.9361702127659575,94,polygon,S2,polygon_S2
polygon_S2,29,6,0.22568775713443756,0.8488372093023255,86,polygon,S2,polygon_S2
polygon_S2,30,1,0.24704623222351074,1.0,11,polygon,S2,polygon_S2
polygon_S2,31,8,0.22510965168476105,0.9213483146067416,89,polygon,S2,polygon_S2
polygon_S2,32,4,0.36329126358032227,0.9411764705882353,34,polygon,S2,polygon_S2
polygon_S2,33,8,0.1754256635904312,0.9294117647058824,85,polygon,S2,polygon_S2
polygon_S2,34,1,0.3705982565879822,1.0,15,polygon,S2,polygon_S2
polygon_S2,35,4,0.23065085709095,0.8676470588235294,68,polygon,S2,polygon_S2
polygon_S2,36,8,0.25539958477020264,0.9555555555555556,90,polygon,S2,polygon_S2
polygon_S2,37,3,0.19537031650543213,0.98,50,polygon,S2,polygon_S2
polygon_S2,38,5,0.19820262491703033,0.8222222222222222,90,polygon,S2,polygon_S2
polygon_S2,39,5,0.1531624048948288,0.8723404255319149,94,polygon,S2,polygon_S2
polygon_S2,40,3,0.15427722036838531,0.8888888888888888,54,polygon,S2,polygon_S2
polygon_S2,41,3,0.30219897627830505,0.9459459459459459,37,polygon,S2,polygon_S2
polygon_S2,42,9,0.33431756496429443,0.8941176470588236,85,polygon,S2,polygon_S2
polygon_S2,43,8,0.32018616795539856,0.90625,64,polygon,S2,polygon_S2
polygon_S2,44,3,0.20724616944789886,0.9080459770114943,87,polygon,S2,polygon_S2
polygon_S2,45,3,0.1920183300971985,0.9333333333333333,45,polygon,S2,polygon_S2
polygon_S2,46,6,0.20438790321350098,0.9425287356321839,87,polygon,S2,polygon_S2
polygon_S2,47,3,0.13207663595676422,0.9565217391304348,46,polygon,S2,polygon_S2
polygon_S2,48,8,0.20987257361412048,0.8823529411764706,85,polygon,S2,polygon_S2
polygon_S2,49,6,0.23570291697978973,0.9333333333333333,90,polygon,S2,polygon_S2
polygon_S2,50,1,0.13883918523788452,0.9714285714285714,35,polygon,S2,polygon_S2
polygon_S2,51,6,0.2681204378604889,0.9333333333333333,90,polygon,S2,polygon_S2
polygon_S2,52,1,0.22758245468139648,0.9375,16,polygon,S2,polygon_S2
polygon_S2,53,5,0.2850066125392914,0.9545454545454546,88,polygon,S2,polygon_S2
polygon_S2,54,5,0.20197705924510956,0.9041095890410958,73,polygon,S2,polygon_S2
polygon_S2,55,5,0.21973547339439392,0.8977272727272727,88,polygon,S2,polygon_S2
polygon_S2,56,1,0.36561334133148193,1.0,21,polygon,S2,polygon_S2
polygon_S2,57,3,0.1361122876405716,0.9148936170212766,94,polygon,S2,polygon_S2
polygon_S2,58,3,0.18751001358032227,0.9523809523809523,42,polygon,S2,polygon_S2
polygon_S2,59,5,0.1553737223148346,0.8172043010752689,93,polygon,S2,polygon_S2
polygon_S2,60,1,0.9908835291862488,1.0,15,polygon,S2,polygon_S2
polygon_S2,61,3,0.1720380187034607,0.9148936170212766,94,polygon,S2,polygon_S2
polygon_S2,62,10,0.28928032517433167,0.9310344827586207,87,polygon,S2,polygon_S2
polygon_S2,63,5,0.22401948273181915,0.8791208791208791,91,polygon,S2,polygon_S2
polygon_S2,64,4,0.16541194915771484,0.8494623655913979,93,polygon,S2,polygon_S2
polygon_S2,65,5,0.18352612853050232,0.9146341463414634,82,polygon,S2,polygon_S2
polygon_S2,66,6,0.1726544350385666,0.8522727272727273,88,polygon,S2,polygon_S2
polygon_S2,67,2,0.2999364733695984,1.0,31,polygon,S2,polygon_S2
polygon_S2,68,5,0.19691522419452667,0.8955223880597015,67,polygon,S2,polygon_S2
polygon_S2,69,6,0.19287168979644775,0.8426966292134831,89,polygon,S2,polygon_S2
polygon_S2,70,2,0.11302122473716736,0.9722222222222222,36,polygon,S2,polygon_S2
polygon_S2,71,6,0.3128593862056732,0.881578947368421,76,polygon,S2,polygon_S2
polygon_S2,72,3,0.14408351480960846,0.9222222222222223,90,polygon,S2,polygon_S2
polygon_S2,73,7,0.24767084419727325,0.8913043478260869,92,polygon,S2,polygon_S2
polygon_S2,74,3,0.15091609954833984,0.9101123595505618,89,polygon,S2,polygon_S2
polygon_S2,75,1,0.09544676542282104,0.96875,64,polygon,S2,polygon_S2
polygon_S2,76,5,0.17508752644062042,0.9010989010989011,91,polygon,S2,polygon_S2
polygon_S2,77,7,0.2629781663417816,0.898876404494382,89,polygon,S2,polygon_S2
polygon_S2,78,4,0.16936786472797394,0.8045977011494253,87,polygon,S2,polygon_S2
polygon_S2,79,4,0.20114673674106598,0.9069767441860465,86,polygon,S2,polygon_S2
polygon_S2,80,3,0.17793549597263336,0.9473684210526315,38,polygon,S2,polygon_S2
polygon_S2,81,5,0.1774958372116089,0.9148936170212766,94,polygon,S2,polygon_S2
polygon_S2,82,2,0.13812711834907532,0.9166666666666666,60,polygon,S2,polygon_S2
polygon_S2,83,2,0.19250044226646423,0.9512195121951219,41,polygon,S2,polygon_S2
polygon_S2,84,6,0.23182274401187897,0.9438202247191011,89,polygon,S2,polygon_S2
polygon_S2,85,3,0.25113335251808167,0.8372093023255814,43,polygon,S2,polygon_S2
polygon_S2,86,6,0.23871402442455292,0.9361702127659575,94,polygon,S2,polygon_S2
polygon_S2,87,2,0.13414347171783447,0.9210526315789473,38,polygon,S2,polygon_S2
polygon_S2,88,5,0.1771148145198822,0.8876404494382022,89,polygon,S2,polygon_S2
polygon_S2,89,4,0.15372107923030853,0.8539325842696629,89,polygon,S2,polygon_S2
polygon_S2,90,0,,1.0,11,polygon,S2,polygon_S2
polygon_S2,91,4,0.11495421826839447,0.9090909090909091,88,polygon,S2,polygon_S2
polygon_S2,92,6,0.20620329678058624,0.9222222222222223,90,polygon,S2,polygon_S2
polygon_S2,93,9,0.3429883122444153,0.8674698795180723,83,polygon,S2,polygon_S2
polygon_S2,94,11,0.31820547580718994,0.8452380952380952,84,polygon,S2,polygon_S2
polygon_S2,95,1,0.44566696882247925,1.0,7,polygon,S2,polygon_S2
polygon_S2,96,1,0.09363555908203125,0.9508196721311475,61,polygon,S2,polygon_S2
polygon_S2,97,5,0.23383831977844238,0.9347826086956522,92,polygon,S2,polygon_S2
polygon_S2,98,6,0.23393791913986206,0.9010989010989011,91,polygon,S2,polygon_S2
polygon_S2,99,0,,1.0,2,polygon,S2,polygon_S2
walk_S2,0,0,,1.0,21,walk,S2,walk_S2
walk_S2,1,2,0.40502896904945374,0.88,25,walk,S2,walk_S2
walk_S2,2,5,0.22893793880939484,0.7978723404255319,94,walk,S2,walk_S2
walk_S2,3,4,0.1848723143339157,0.96875,64,walk,S2,walk_S2
walk_S2,4,3,0.10572562366724014,0.9,100,walk,S2,walk_S2
walk_S2,5,7,0.2005854994058609,0.9032258064516129,93,walk,S2,walk_S2
walk_S2,6,7,0.19335149228572845,0.8333333333333334,96,walk,S2,walk_S2
walk_S2,7,5,0.14843663573265076,0.9021739130434783,92,walk,S2,walk_S2
walk_S2,8,4,0.1337563544511795,0.8666666666666667,90,walk,S2,walk_S2
walk_S2,9,0,,1.0,5,walk,S2,walk_S2
walk_S2,10,5,0.1946651041507721,0.9175257731958762,97,walk,S2,walk_S2
walk_S2,11,4,0.19790072739124298,0.8913043478260869,92,walk,S2,walk_S2
walk_S2,12,0,,1.0,5,walk,S2,walk_S2
walk_S2,13,4,0.17137958109378815,0.9180327868852459,61,walk,S2,walk_S2
walk_S2,14,3,0.20613150298595428,0.9438202247191011,89,walk,S2,walk_S2
walk_S2,15,7,0.24791686236858368,0.9222222222222223,90,walk,S2,walk_S2
walk_S2,16,5,0.1350727379322052,0.945054945054945,91,walk,S2,walk_S2
walk_S2,17,1,0.12021708488464355,1.0,24,walk,S2,walk_S2
walk_S2,18,3,0.14223162829875946,0.8571428571428571,84,walk,S2,walk_S2
walk_S2,19,3,0.16189521551132202,0.9295774647887324,71,walk,S2,walk_S2
walk_S2,20,5,0.19040235877037048,0.8314606741573034,89,walk,S2,walk_S2
walk_S2,21,4,0.2281361073255539,0.925531914893617,94,walk,S2,walk_S2
walk_S2,22,2,0.19094693660736084,0.9375,48,walk,S2,walk_S2
walk_S2,23,7,0.2006411850452423,0.9222222222222223,90,walk,S2,walk_S2
walk_S2,24,7,0.24751074612140656,0.9032258064516129,93,walk,S2,walk_S2
walk_S2,25,4,0.12956508994102478,0.9042553191489362,94,walk,S2,walk_S2
walk_S2,26,4,0.20054444670677185,0.9052631578947369,95,walk,S2,walk_S2
walk_S2,27,4,0.14748790860176086,0.9080459770114943,87,walk,S2,walk_S2
walk_S2,28,3,0.17540641129016876,0.9157894736842105,95,walk,S2,walk_S2
walk_S2,29,6,0.2101166695356369,0.8717948717948718,78,walk,S2,walk_S2
walk_S2,30,2,0.24635639786720276,0.9032258064516129,31,walk,S2,walk_S2
walk_S2,31,11,0.32200494408607483,0.898876404494382,89,walk,S2,walk_S2
walk_S2,32,4,0.18083567917346954,0.7678571428571429,56,walk,S2,walk_S2
walk_S2,33,3,0.1697293370962143,0.9361702127659575,47,walk,S2,walk_S2
walk_S2,34,1,0.14321184158325195,1.0,21,walk,S2,walk_S2
walk_S2,35,5,0.2468673437833786,0.8241758241758241,91,walk,S2,walk_S2
walk_S2,36,2,0.22047650814056396,0.9393939393939394,33,walk,S2,walk_S2
walk_S2,37,7,0.19179455935955048,0.8536585365853658,82,walk,S2,walk_S2
walk_S2,38,2,0.3197035491466522,1.0,32,walk,S2,walk_S2
walk_S2,39,4,0.1921623945236206,0.8636363636363636,88,walk,S2,walk_S2
walk_S2,40,5,0.17773325741291046,0.8315789473684211,95,walk,S2,walk_S2
walk_S2,41,7,0.19731052219867706,0.9104477611940298,67,walk,S2,walk_S2
walk_S2,42,0,,1.0,3,walk,S2,walk_S2
walk_S2,43,3,0.17234528064727783,0.9272727272727272,55,walk,S2,walk_S2
walk_S2,44,0,,1.0,18,walk,S2,walk_S2
walk_S2,45,4,0.18133293092250824,0.8762886597938144,97,walk,S2,walk_S2
walk_S2,46,7,0.22490772604942322,0.9397590361445783,83,walk,S2,walk_S2
walk_S2,47,5,0.13955332338809967,0.9195402298850575,87,walk,S2,walk_S2
walk_S2,48,3,0.17137062549591064,0.8717948717948718,39,walk,S2,walk_S2
walk_S2,49,9,0.3236704170703888,0.8426966292134831,89,walk,S2,walk_S2
walk_S2,50,5,0.13821227848529816,0.96,100,walk,S2,walk_S2
walk_S2,51,6,0.2155350297689438,0.8494623655913979,93,walk,S2,walk_S2
walk_S2,52,6,0.26333534717559814,0.8688524590163934,61,walk,S2,walk_S2
walk_S2,53,3,0.16925553977489471,0.9010989010989011,91,walk,S2,walk_S2
walk_S2,54,3,0.2621048092842102,0.8787878787878788,33,walk,S2,walk_S2
walk_S2,55,5,0.1409534364938736,0.8586956521739131,92,walk,S2,walk_S2
walk_S2,56,7,0.24903734028339386,0.925531914893617,94,walk,S2,walk_S2
walk_S2,57,4,0.18174418807029724,0.851063829787234,94,walk,S2,walk_S2
walk_S2,58,9,0.22646008431911469,0.898876404494382,89,walk,S2,walk_S2
walk_S2,59,7,0.19265702366828918,0.8636363636363636,88,walk,S2,walk_S2
walk_S2,60,3,0.1409011036157608,0.9054054054054054,74,walk,S2,walk_S2
walk_S2,61,5,0.16140307486057281,0.9027777777777778,72,walk,S2,walk_S2
walk_S2,62,10,0.2444562017917633,0.8735632183908046,87,walk,S2,walk_S2
walk_S2,63,0,,0.9333333333333333,15,walk,S2,walk_S2
walk_S2,64,6,0.2720637619495392,0.9021739130434783,92,walk,S2,walk_S2
walk_S2,65,6,0.23611341416835785,0.898876404494382,89,walk,S2,walk_S2
walk_S2,66,3,0.15187232196331024,0.851063829787234,94,walk,S2,walk_S2
walk_S2,67,3,0.20091615617275238,0.9487179487179487,39,walk,S2,walk_S2
walk_S2,68,3,0.1779462695121765,0.9230769230769231,91,walk,S2,walk_S2
walk_S2,69,7,0.21931181848049164,0.9347826086956522,92,walk,S2,walk_S2
walk_S2,70,4,0.18017582595348358,0.9072164948453608,97,walk,S2,walk_S2
walk_S2,71,4,0.1727036088705063,0.8829787234042553,94,walk,S2,walk_S2
walk_S2,72,1,0.13897013664245605,0.9642857142857143,56,walk,S2,walk_S2
walk_S2,73,3,0.20245949923992157,0.9411764705882353,34,walk,S2,walk_S2
walk_S2,74,5,0.25292983651161194,0.8314606741573034,89,walk,S2,walk_S2
walk_S2,75,6,0.18608246743679047,0.9052631578947369,95,walk,S2,walk_S2
walk_S2,76,2,0.25885269045829773,0.9487179487179487,39,walk,S2,walk_S2
walk_S2,77,4,0.19029632210731506,0.8913043478260869,92,walk,S2,walk_S2
walk_S2,78,4,0.17772626876831055,0.8833333333333333,60,walk,S2,walk_S2
walk_S2,79,4,0.14642348885536194,0.8020833333333334,96,walk,S2,walk_S2
walk_S2,80,4,0.17210063338279724,0.8958333333333334,48,walk,S2,walk_S2
walk_S2,81,3,0.12039977312088013,0.9222222222222223,90,walk,S2,walk_S2
walk_S2,82,2,0.11918109655380249,0.8390804597701149,87,walk,S2,walk_S2
walk_S2,83,3,0.23740653693675995,0.8775510204081632,49,walk,S2,walk_S2
walk_S2,84,6,0.23830075562000275,0.9021739130434783,92,walk,S2,walk_S2
walk_S2,85,7,0.22425749897956848,0.8444444444444444,90,walk,S2,walk_S2
walk_S2,86,5,0.14088360965251923,0.8936170212765957,94,walk,S2,walk_S2
walk_S2,87,4,0.16771933436393738,0.8809523809523809,84,walk,S2,walk_S2
walk_S2,88,4,0.15725967288017273,0.9333333333333333,90,walk,S2,walk_S2
walk_S2,89,5,0.168777197599411,0.7840909090909091,88,walk,S2,walk_S2
walk_S2,90,2,0.10366940498352051,0.8947368421052632,76,walk,S2,walk_S2
walk_S2,91,8,0.24448078870773315,0.875,88,walk,S2,walk_S2
walk_S2,92,4,0.11256735026836395,0.9368421052631579,95,walk,S2,walk_S2
walk_S2,93,4,0.1806483417749405,0.8539325842696629,89,walk,S2,walk_S2
walk_S2,94,3,0.2334899753332138,0.9787234042553191,47,walk,S2,walk_S2
walk_S2,95,5,0.2277979850769043,0.896551724137931,87,walk,S2,walk_S2
walk_S2,96,3,0.16013504564762115,0.875,64,walk,S2,walk_S2
walk_S2,97,3,0.25444647669792175,0.9285714285714286,28,walk,S2,walk_S2
walk_S2,98,4,0.17576198279857635,0.9021739130434783,92,walk,S2,walk_S2
walk_S2,99,5,0.11947218328714371,0.9479166666666666,96,walk,S2,walk_S2
polygon_S3,0,7,0.33666250109672546,0.9838709677419355,62,polygon,S3,polygon_S3
polygon_S3,1,4,0.18647193908691406,0.8404255319148937,94,polygon,S3,polygon_S3
polygon_S3,2,0,,0.8461538461538461,13,polygon,S3,polygon_S3
polygon_S3,3,6,0.3065565824508667,0.9259259259259259,54,polygon,S3,polygon_S3
polygon_S3,4,6,0.24000024795532227,0.8352941176470589,85,polygon,S3,polygon_S3
polygon_S3,5,3,0.16864681243896484,0.9578947368421052,95,polygon,S3,polygon_S3
polygon_S3,6,10,0.3905668258666992,0.9878048780487805,82,polygon,S3,polygon_S3
polygon_S3,7,6,0.17116975784301758,0.8953488372093024,86,polygon,S3,polygon_S3
polygon_S3,8,2,0.10666298866271973,0.8875,80,polygon,S3,polygon_S3
polygon_S3,9,1,0.09425896406173706,0.9333333333333333,15,polygon,S3,polygon_S3
polygon_S3,10,0,,1.0,4,polygon,S3,polygon_S3
polygon_S3,11,9,0.3341798782348633,0.8717948717948718,78,polygon,S3,polygon_S3
polygon_S3,12,2,0.18696177005767822,0.9069767441860465,43,polygon,S3,polygon_S3
polygon_S3,13,6,0.19286702573299408,0.8863636363636364,88,polygon,S3,polygon_S3
polygon_S3,14,6,0.2347225546836853,0.8513513513513513,74,polygon,S3,polygon_S3
polygon_S3,15,4,0.20871293544769287,0.8390804597701149,87,polygon,S3,polygon_S3
polygon_S3,16,5,0.44382914900779724,0.9767441860465116,43,polygon,S3,polygon_S3
polygon_S3,17,1,0.2668575048446655,1.0,28,polygon,S3,polygon_S3
polygon_S3,18,5,0.1510808765888214,0.9247311827956989,93,polygon,S3,polygon_S3
polygon_S3,19,2,0.2318730652332306,1.0,33,polygon,S3,polygon_S3
polygon_S3,20,1,0.22150969505310059,1.0,10,polygon,S3,polygon_S3
polygon_S3,21,7,0.24771717190742493,0.8666666666666667,90,polygon,S3,polygon_S3
polygon_S3,22,3,0.20328247547149658,0.9111111111111111,45,polygon,S3,polygon_S3
polygon_S3,23,2,0.15175235271453857,0.9,30,polygon,S3,polygon_S3
polygon_S3,24,3,0.23094725608825684,0.9791666666666666,48,polygon,S3,polygon_S3
polygon_S3,25,0,,1.0,1,polygon,S3,polygon_S3
polygon_S3,26,8,0.21457144618034363,0.8977272727272727,88,polygon,S3,polygon_S3
polygon_S3,27,5,0.27586808800697327,0.9361702127659575,47,polygon,S3,polygon_S3
polygon_S3,28,4,0.25883668661117554,0.9468085106382979,94,polygon,S3,polygon_S3
polygon_S3,29,1,0.33593082427978516,0.967741935483871,31,polygon,S3,polygon_S3
polygon_S3,30,3,0.15669481456279755,0.9444444444444444,36,polygon,S3,polygon_S3
polygon_S3,31,6,0.3903484642505646,0.9310344827586207,58,polygon,S3,polygon_S3
polygon_S3,32,1,0.17315375804901123,1.0,18,polygon,S3,polygon_S3
polygon_S3,33,0,,0.9565217391304348,23,polygon,S3,polygon_S3
polygon_S3,34,5,0.2344854772090912,0.9459459459459459,74,polygon,S3,polygon_S3
polygon_S3,35,3,0.1816999316215515,0.9117647058823529,34,polygon,S3,polygon_S3
polygon_S3,36,2,0.15257853269577026,0.9787234042553191,47,polygon,S3,polygon_S3
polygon_S3,37,10,0.29460662603378296,0.9318181818181818,88,polygon,S3,polygon_S3
polygon_S3,38,5,0.3148917853832245,0.9404761904761905,84,polygon,S3,polygon_S3
polygon_S3,39,2,0.193386048078537,0.9318181818181818,44,polygon,S3,polygon_S3
polygon_S3,40,1,0.1291656494140625,1.0,29,polygon,S3,polygon_S3
polygon_S3,41,2,0.14637526869773865,1.0,33,polygon,S3,polygon_S3
polygon_S3,42,3,0.26844522356987,0.9714285714285714,35,polygon,S3,polygon_S3
polygon_S3,43,0,,1.0,2,polygon,S3,polygon_S3
polygon_S3,44,4,0.20132292807102203,0.8651685393258427,89,polygon,S3,polygon_S3
polygon_S3,45,3,0.24764882028102875,0.9736842105263158,38,polygon,S3,polygon_S3
polygon_S3,46,4,0.3325989842414856,0.975,40,polygon,S3,polygon_S3
polygon_S3,47,4,0.29312586784362793,0.9444444444444444,54,polygon,S3,polygon_S3
polygon_S3,48,4,0.23368270695209503,0.9743589743589743,39,polygon,S3,polygon_S3
polygon_S3,49,4,0.20966686308383942,0.8831168831168831,77,polygon,S3,polygon_S3
polygon_S3,50,0,,1.0,1,polygon,S3,polygon_S3
polygon_S3,51,3,0.15363772213459015,0.900990099009901,101,polygon,S3,polygon_S3
polygon_S3,52,0,,1.0,1,polygon,S3,polygon_S3
polygon_S3,53,6,0.30738139152526855,0.8928571428571429,56,polygon,S3,polygon_S3
polygon_S3,54,2,0.2567208707332611,0.8076923076923077,26,polygon,S3,polygon_S3
polygon_S3,55,2,0.4693252444267273,0.9285714285714286,28,polygon,S3,polygon_S3
polygon_S3,56,0,,1.0,7,polygon,S3,polygon_S3
polygon_S3,57,4,0.21434545516967773,0.8958333333333334,48,polygon,S3,polygon_S3
polygon_S3,58,0,,1.0,8,polygon,S3,polygon_S3
polygon_S3,59,1,0.27404993772506714,1.0,23,polygon,S3,polygon_S3
polygon_S3,60,0,,1.0,9,polygon,S3,polygon_S3
polygon_S3,61,3,0.4134691059589386,0.9090909090909091,55,polygon,S3,polygon_S3
polygon_S3,62,5,0.297140896320343,0.8936170212765957,47,polygon,S3,polygon_S3
polygon_S3,63,1,0.293312132358551,1.0,18,polygon,S3,polygon_S3
polygon_S3,64,3,0.18549074232578278,0.8426966292134831,89,polygon,S3,polygon_S3
polygon_S3,65,6,0.2339429408311844,0.9135802469135802,81,polygon,S3,polygon_S3
polygon_S3,66,2,0.09247374534606934,0.925531914893617,94,polygon,S3,polygon_S3
polygon_S3,67,2,0.1018541157245636,0.9032258064516129,31,polygon,S3,polygon_S3
polygon_S3,68,1,0.23267054557800293,0.9166666666666666,12,polygon,S3,polygon_S3
polygon_S3,69,7,0.3119561970233917,0.9,90,polygon,S3,polygon_S3
polygon_S3,70,3,0.4600166380405426,1.0,26,polygon,S3,polygon_S3
polygon_S3,71,5,0.18165992200374603,0.8591549295774648,71,polygon,S3,polygon_S3
polygon_S3,72,4,0.2127404361963272,0.9318181818181818,44,polygon,S3,polygon_S3
polygon_S3,73,0,,,0,polygon,S3,polygon_S3
polygon_S3,74,2,0.25228482484817505,0.8666666666666667,30,polygon,S3,polygon_S3
polygon_S3,75,6,0.3116743266582489,0.975609756097561,41,polygon,S3,polygon_S3
polygon_S3,76,3,0.20891928672790527,0.9117647058823529,34,polygon,S3,polygon_S3
polygon_S3,77,3,0.2602240741252899,1.0,37,polygon,S3,polygon_S3
polygon_S3,78,3,0.13921688497066498,0.8928571428571429,84,polygon,S3,polygon_S3
polygon_S3,79,1,0.27792060375213623,0.9375,16,polygon,S3,polygon_S3
polygon_S3,80,9,0.17149537801742554,0.9381443298969072,97,polygon,S3,polygon_S3
polygon_S3,81,0,,1.0,20,polygon,S3,polygon_S3
polygon_S3,82,1,0.16461360454559326,0.9230769230769231,26,polygon,S3,polygon_S3
polygon_S3,83,4,0.17435353994369507,0.9560439560439561,91,polygon,S3,polygon_S3
polygon_S3,84,5,0.20251627266407013,0.8953488372093024,86,polygon,S3,polygon_S3
polygon_S3,85,7,0.28586456179618835,0.9047619047619048,63,polygon,S3,polygon_S3
polygon_S3,86,1,0.2134251594543457,1.0,23,polygon,S3,polygon_S3
polygon_S3,87,4,0.18658789992332458,0.8444444444444444,90,polygon,S3,polygon_S3
polygon_S3,88,5,0.19777925312519073,0.9545454545454546,88,polygon,S3,polygon_S3
polygon_S3,89,0,,1.0,5,polygon,S3,polygon_S3
polygon_S3,90,0,,0.9333333333333333,30,polygon,S3,polygon_S3
polygon_S3,91,1,0.07950562238693237,0.9692307692307692,65,polygon,S3,polygon_S3
polygon_S3,92,3,0.10626614093780518,0.9313725490196079,102,polygon,S3,polygon_S3
polygon_S3,93,1,0.35631263256073,0.9375,16,polygon,S3,polygon_S3
polygon_S3,94,4,0.1767936795949936,0.9310344827586207,87,polygon,S3,polygon_S3
polygon_S3,95,2,0.25462284684181213,0.9473684210526315,19,polygon,S3,polygon_S3
polygon_S3,96,6,0.3416123688220978,0.85,40,polygon,S3,polygon_S3
polygon_S3,97,6,0.2308180332183838,0.8714285714285714,70,polygon,S3,polygon_S3
polygon_S3,98,2,0.2505834400653839,1.0,33,polygon,S3,polygon_S3
polygon_S3,99,10,0.2394595891237259,0.9213483146067416,89,polygon,S3,polygon_S3
walk_S3,0,3,0.14280736446380615,0.9306930693069307,101,walk,S3,walk_S3
walk_S3,1,1,0.49060022830963135,1.0,13,walk,S3,walk_S3
walk_S3,2,6,0.1886812001466751,0.9052631578947369,95,walk,S3,walk_S3
walk_S3,3,1,0.07375878095626831,0.9629629629629629,27,walk,S3,walk_S3
walk_S3,4,7,0.25721803307533264,0.8701298701298701,77,walk,S3,walk_S3
walk_S3,5,3,0.1111965999007225,0.8787878787878788,99,walk,S3,walk_S3
walk_S3,6,3,0.21827693283557892,0.9651162790697675,86,walk,S3,walk_S3
walk_S3,7,6,0.31409910321235657,0.9375,48,walk,S3,walk_S3
walk_S3,8,5,0.18937726318836212,0.8817204301075269,93,walk,S3,walk_S3
walk_S3,9,7,0.16747140884399414,0.8947368421052632,95,walk,S3,walk_S3
walk_S3,10,3,0.21712219715118408,0.9239130434782609,92,walk,S3,walk_S3
walk_S3,11,4,0.3378339409828186,0.9459459459459459,37,walk,S3,walk_S3
walk_S3,12,2,0.30642905831336975,0.8695652173913043,23,walk,S3,walk_S3
walk_S3,13,7,0.24249422550201416,0.9130434782608695,92,walk,S3,walk_S3
walk_S3,14,1,0.2770572900772095,0.8666666666666667,15,walk,S3,walk_S3
walk_S3,15,2,0.202650249004364,0.9411764705882353,51,walk,S3,walk_S3
walk_S3,16,6,0.2817816138267517,0.8478260869565217,92,walk,S3,walk_S3
walk_S3,17,3,0.18850582838058472,0.8552631578947368,76,walk,S3,walk_S3
walk_S3,18,3,0.11463771015405655,0.9479166666666666,96,walk,S3,walk_S3
walk_S3,19,5,0.20788832008838654,0.7888888888888889,90,walk,S3,walk_S3
walk_S3,20,4,0.2006569802761078,0.9661016949152542,59,walk,S3,walk_S3
walk_S3,21,4,0.1563911736011505,0.8351648351648352,91,walk,S3,walk_S3
walk_S3,22,3,0.40666723251342773,0.96,25,walk,S3,walk_S3
walk_S3,23,5,0.29858341813087463,0.9024390243902439,41,walk,S3,walk_S3
walk_S3,24,3,0.11516112089157104,0.8181818181818182,66,walk,S3,walk_S3
walk_S3,25,5,0.2265792340040207,0.9285714285714286,84,walk,S3,walk_S3
walk_S3,26,6,0.3427843153476715,0.8679245283018868,53,walk,S3,walk_S3
walk_S3,27,7,0.15848477184772491,0.8924731182795699,93,walk,S3,walk_S3
walk_S3,28,3,0.34314095973968506,0.9130434782608695,92,walk,S3,walk_S3
walk_S3,29,5,0.21835145354270935,0.8850574712643678,87,walk,S3,walk_S3
walk_S3,30,4,0.2130064219236374,0.9622641509433962,53,walk,S3,walk_S3
walk_S3,31,10,0.3328116536140442,0.9193548387096774,62,walk,S3,walk_S3
walk_S3,32,6,0.2719751000404358,0.8656716417910447,67,walk,S3,walk_S3
walk_S3,33,4,0.17086508870124817,0.8865979381443299,97,walk,S3,walk_S3
walk_S3,34,1,0.1676618456840515,1.0,21,walk,S3,walk_S3
walk_S3,35,3,0.13101445138454437,0.9278350515463918,97,walk,S3,walk_S3
walk_S3,36,9,0.31496503949165344,0.8131868131868132,91,walk,S3,walk_S3
walk_S3,37,1,0.21024936437606812,0.8837209302325582,43,walk,S3,walk_S3
walk_S3,38,6,0.31240740418434143,0.8732394366197183,71,walk,S3,walk_S3
walk_S3,39,3,0.20432251691818237,0.9404761904761905,84,walk,S3,walk_S3
walk_S3,40,3,0.14516562223434448,0.7857142857142857,98,walk,S3,walk_S3
walk_S3,41,5,0.23722974956035614,0.9438202247191011,89,walk,S3,walk_S3
walk_S3,42,4,0.2835860252380371,0.9393939393939394,33,walk,S3,walk_S3
walk_S3,43,3,0.16274434328079224,0.8105263157894737,95,walk,S3,walk_S3
walk_S3,44,3,0.13641874492168427,0.8470588235294118,85,walk,S3,walk_S3
walk_S3,45,0,,1.0,9,walk,S3,walk_S3
walk_S3,46,3,0.13437610864639282,0.9278350515463918,97,walk,S3,walk_S3
walk_S3,47,4,0.13738058507442474,0.8723404255319149,94,walk,S3,walk_S3
walk_S3,48,6,0.19783584773540497,0.8555555555555555,90,walk,S3,walk_S3
walk_S3,49,1,0.34323787689208984,0.9354838709677419,31,walk,S3,walk_S3
walk_S3,50,5,0.1568378508090973,0.7708333333333334,96,walk,S3,walk_S3
walk_S3,51,11,0.2331104427576065,0.8804347826086957,92,walk,S3,walk_S3
walk_S3,52,6,0.25195103883743286,0.8985507246376812,69,walk,S3,walk_S3
walk_S3,53,3,0.26631709933280945,0.9,40,walk,S3,walk_S3
walk_S3,54,2,0.30739760398864746,0.9428571428571428,35,walk,S3,walk_S3
walk_S3,55,7,0.2238857001066208,0.9666666666666667,90,walk,S3,walk_S3
walk_S3,56,6,0.16507738828659058,0.9139784946236559,93,walk,S3,walk_S3
walk_S3,57,8,0.25141775608062744,0.8947368421052632,95,walk,S3,walk_S3
walk_S3,58,0,,1.0,7,walk,S3,walk_S3
walk_S3,59,5,0.1889907568693161,0.8089887640449438,89,walk,S3,walk_S3
walk_S3,60,8,0.23582693934440613,0.948051948051948,77,walk,S3,walk_S3
walk_S3,61,3,0.1844882220029831,0.8941176470588236,85,walk,S3,walk_S3
walk_S3,62,6,0.18712951242923737,0.875,96,walk,S3,walk_S3
walk_S3,63,6,0.2148052304983139,0.8651685393258427,89,walk,S3,walk_S3
walk_S3,64,6,0.2364177107810974,0.8571428571428571,91,walk,S3,walk_S3
walk_S3,65,4,0.1547728180885315,0.9560439560439561,91,walk,S3,walk_S3
walk_S3,66,3,0.15632174909114838,0.8191489361702128,94,walk,S3,walk_S3
walk_S3,67,7,0.19820895791053772,0.927710843373494,83,walk,S3,walk_S3
walk_S3,68,5,0.21534106135368347,0.9333333333333333,60,walk,S3,walk_S3
walk_S3,69,7,0.31463056802749634,0.8936170212765957,94,walk,S3,walk_S3
walk_S3,70,10,0.17726576328277588,0.9120879120879121,91,walk,S3,walk_S3
walk_S3,71,2,0.226030170917511,0.92,25,walk,S3,walk_S3
walk_S3,72,2,0.08357077836990356,0.9583333333333334,96,walk,S3,walk_S3
walk_S3,73,7,0.20870903134346008,0.8636363636363636,88,walk,S3,walk_S3
walk_S3,74,4,0.15742966532707214,0.9101123595505618,89,walk,S3,walk_S3
walk_S3,75,6,0.2512913644313812,0.8791208791208791,91,walk,S3,walk_S3
walk_S3,76,4,0.1456545889377594,0.9148936170212766,94,walk,S3,walk_S3
walk_S3,77,5,0.22330732643604279,0.9010989010989011,91,walk,S3,walk_S3
walk_S3,78,3,0.14600037038326263,0.9111111111111111,45,walk,S3,walk_S3
walk_S3,79,2,0.2830726206302643,0.9666666666666667,30,walk,S3,walk_S3
walk_S3,80,5,0.27695193886756897,0.9021739130434783,92,walk,S3,walk_S3
walk_S3,81,3,0.17128677666187286,0.9,90,walk,S3,walk_S3
walk_S3,82,8,0.35058292746543884,0.9090909090909091,77,walk,S3,walk_S3
walk_S3,83,5,0.2667986750602722,0.8539325842696629,89,walk,S3,walk_S3
walk_S3,84,4,0.2850235104560852,0.8395061728395061,81,walk,S3,walk_S3
walk_S3,85,4,0.3220917582511902,0.8823529411764706,34,walk,S3,walk_S3
walk_S3,86,4,0.17107108235359192,0.9032258064516129,93,walk,S3,walk_S3
walk_S3,87,3,0.1121646985411644,0.8723404255319149,94,walk,S3,walk_S3
walk_S3,88,1,0.38011711835861206,0.967741935483871,31,walk,S3,walk_S3
walk_S3,89,2,0.28240206837654114,1.0,31,walk,S3,walk_S3
walk_S3,90,0,,0.9444444444444444,18,walk,S3,walk_S3
walk_S3,91,4,0.2463180422782898,0.8666666666666667,90,walk,S3,walk_S3
walk_S3,92,3,0.18387512862682343,0.8876404494382022,89,walk,S3,walk_S3
walk_S3,93,13,0.3241024315357208,0.8690476190476191,84,walk,S3,walk_S3
walk_S3,94,3,0.13213814795017242,0.9583333333333334,96,walk,S3,walk_S3
walk_S3,95,6,0.2326618880033493,0.8404255319148937,94,walk,S3,walk_S3
walk_S3,96,1,0.38605159521102905,1.0,7,walk,S3,walk_S3
walk_S3,97,4,0.3020288348197937,0.9534883720930233,43,walk,S3,walk_S3
walk_S3,98,10,0.25166669487953186,0.8876404494382022,89,walk,S3,walk_S3
walk_S3,99,4,0.13029594719409943,0.918918918918919,74,walk,S3,walk_S3
polygon_S4,0,11,0.253379762172699,0.8913043478260869,92,polygon,S4,polygon_S4
polygon_S4,1,5,0.1803797036409378,0.8494623655913979,93,polygon,S4,polygon_S4
polygon_S4,2,6,0.15934136509895325,0.9340659340659341,91,polygon,S4,polygon_S4
polygon_S4,3,0,,1.0,8,polygon,S4,polygon_S4
polygon_S4,4,6,0.25539839267730713,0.9565217391304348,69,polygon,S4,polygon_S4
polygon_S4,5,2,0.10757842659950256,0.9594594594594594,74,polygon,S4,polygon_S4
polygon_S4,6,9,0.3039472997188568,0.9156626506024096,83,polygon,S4,polygon_S4
polygon_S4,7,3,0.19285066425800323,0.9042553191489362,94,polygon,S4,polygon_S4
polygon_S4,8,8,0.26126229763031006,0.8791208791208791,91,polygon,S4,polygon_S4
polygon_S4,9,3,0.3061203360557556,0.9047619047619048,21,polygon,S4,polygon_S4
polygon_S4,10,4,0.18634851276874542,0.9583333333333334,72,polygon,S4,polygon_S4
polygon_S4,11,2,0.2707686722278595,0.9032258064516129,31,polygon,S4,polygon_S4
polygon_S4,12,3,0.3449706733226776,0.9130434782608695,23,polygon,S4,polygon_S4
polygon_S4,13,2,0.16936853528022766,0.9428571428571428,70,polygon,S4,polygon_S4
polygon_S4,14,2,0.16027867794036865,1.0,33,polygon,S4,polygon_S4
polygon_S4,15,1,0.2910017967224121,1.0,29,polygon,S4,polygon_S4
polygon_S4,16,2,0.18289390206336975,1.0,33,polygon,S4,polygon_S4
polygon_S4,17,1,0.07794594764709473,0.9473684210526315,19,polygon,S4,polygon_S4
polygon_S4,18,5,0.14848926663398743,0.8913043478260869,92,polygon,S4,polygon_S4
polygon_S4,19,5,0.1759384125471115,0.8297872340425532,94,polygon,S4,polygon_S4
polygon_S4,20,2,0.2605263590812683,1.0,29,polygon,S4,polygon_S4
polygon_S4,21,1,0.14020603895187378,0.9482758620689655,58,polygon,S4,polygon_S4
polygon_S4,22,3,0.5209752917289734,1.0,15,polygon,S4,polygon_S4
polygon_S4,23,3,0.2655583918094635,0.9714285714285714,35,polygon,S4,polygon_S4
polygon_S4,24,5,0.22942152619361877,0.8409090909090909,88,polygon,S4,polygon_S4
polygon_S4,25,2,0.16886019706726074,0.9428571428571428,35,polygon,S4,polygon_S4
polygon_S4,26,2,0.17142102122306824,0.9838709677419355,62,polygon,S4,polygon_S4
polygon_S4,27,2,0.2412632703781128,0.9176470588235294,85,polygon,S4,polygon_S4
polygon_S4,28,5,0.15847614407539368,0.8913043478260869,92,polygon,S4,polygon_S4
polygon_S4,29,6,0.1531277745962143,0.90625,96,polygon,S4,polygon_S4
polygon_S4,30,6,0.19517000019550323,0.8522727272727273,88,polygon,S4,polygon_S4
polygon_S4,31,1,0.08695143461227417,0.9375,32,polygon,S4,polygon_S4
polygon_S4,32,3,0.23928391933441162,0.8548387096774194,62,polygon,S4,polygon_S4
polygon_S4,33,9,0.2586228847503662,0.8777777777777778,90,polygon,S4,polygon_S4
polygon_S4,34,9,0.21080447733402252,0.8901098901098901,91,polygon,S4,polygon_S4
polygon_S4,35,9,0.16120538115501404,0.8452380952380952,84,polygon,S4,polygon_S4
polygon_S4,36,4,0.25374436378479004,0.9433962264150944,53,polygon,S4,polygon_S4
polygon_S4,37,8,0.21897080540657043,0.8901098901098901,91,polygon,S4,polygon_S4
polygon_S4,38,5,0.23536458611488342,0.9056603773584906,53,polygon,S4,polygon_S4
polygon_S4,39,4,0.14801925420761108,0.8404255319148937,94,polygon,S4,polygon_S4
polygon_S4,40,0,,1.0,10,polygon,S4,polygon_S4
polygon_S4,41,5,0.33879154920578003,0.9101123595505618,89,polygon,S4,polygon_S4
polygon_S4,42,1,0.2155556082725525,1.0,25,polygon,S4,polygon_S4
polygon_S4,43,3,0.2341906875371933,0.9666666666666667,30,polygon,S4,polygon_S4
polygon_S4,44,3,0.32008087635040283,0.9142857142857143,35,polygon,S4,polygon_S4
polygon_S4,45,0,,1.0,9,polygon,S4,polygon_S4
polygon_S4,46,4,0.21540911495685577,0.9354838709677419,62,polygon,S4,polygon_S4
polygon_S4,47,2,0.18608781695365906,0.825,40,polygon,S4,polygon_S4
polygon_S4,48,0,,1.0,10,polygon,S4,polygon_S4
polygon_S4,49,2,0.29970061779022217,0.9482758620689655,58,polygon,S4,polygon_S4
polygon_S4,50,2,0.19614851474761963,1.0,36,polygon,S4,polygon_S4
polygon_S4,51,0,,1.0,7,polygon,S4,polygon_S4
polygon_S4,52,0,,1.0,1,polygon,S4,polygon_S4
polygon_S4,53,6,0.2802826464176178,0.8539325842696629,89,polygon,S4,polygon_S4
polygon_S4,54,1,0.3336985111236572,1.0,7,polygon,S4,polygon_S4
polygon_S4,55,6,0.15857189893722534,0.9032258064516129,93,polygon,S4,polygon_S4
polygon_S4,56,0,,1.0,7,polygon,S4,polygon_S4
polygon_S4,57,4,0.3296213150024414,0.9111111111111111,45,polygon,S4,polygon_S4
polygon_S4,58,2,0.1579652726650238,0.96875,32,polygon,S4,polygon_S4
polygon_S4,59,2,0.24721145629882812,0.9629629629629629,27,polygon,S4,polygon_S4
polygon_S4,60,1,0.08884668350219727,0.9655172413793104,29,polygon,S4,polygon_S4
polygon_S4,61,4,0.15176986157894135,0.8279569892473119,93,polygon,S4,polygon_S4
polygon_S4,62,6,0.3420572578907013,0.8918918918918919,37,polygon,S4,polygon_S4
polygon_S4,63,0,,1.0,9,polygon,S4,polygon_S4
polygon_S4,64,6,0.1336670070886612,0.9090909090909091,88,polygon,S4,polygon_S4
polygon_S4,65,6,0.23295001685619354,0.8857142857142857,70,polygon,S4,polygon_S4
polygon_S4,66,2,0.151557058095932,0.9302325581395349,43,polygon,S4,polygon_S4
polygon_S4,67,2,0.11852365732192993,0.9310344827586207,58,polygon,S4,polygon_S4
polygon_S4,68,12,0.33652886748313904,0.8192771084337349,83,polygon,S4,polygon_S4
polygon_S4,69,5,0.2049882411956787,0.8791208791208791,91,polygon,S4,polygon_S4
polygon_S4,70,4,0.30637821555137634,1.0,33,polygon,S4,polygon_S4
polygon_S4,71,5,0.18974485993385315,0.9130434782608695,92,polygon,S4,polygon_S4
polygon_S4,72,5,0.12113016843795776,0.7692307692307693,65,polygon,S4,polygon_S4
polygon_S4,73,0,,,0,polygon,S4,polygon_S4
polygon_S4,74,0,,1.0,31,polygon,S4,polygon_S4
polygon_S4,75,5,0.18540480732917786,0.9743589743589743,39,polygon,S4,polygon_S4
polygon_S4,76,1,0.2838270664215088,0.96,25,polygon,S4,polygon_S4
polygon_S4,77,5,0.19924549758434296,0.9047619047619048,63,polygon,S4,polygon_S4
polygon_S4,78,1,0.2884560823440552,0.9655172413793104,29,polygon,S4,polygon_S4
polygon_S4,79,4,0.16033172607421875,0.8983050847457628,59,polygon,S4,polygon_S4
polygon_S4,80,0,,1.0,12,polygon,S4,polygon_S4
polygon_S4,81,6,0.20824383199214935,0.961038961038961,77,polygon,S4,polygon_S4
polygon_S4,82,2,0.1700672209262848,0.9487179487179487,39,polygon,S4,polygon_S4
polygon_S4,83,2,0.18334752321243286,0.8888888888888888,27,polygon,S4,polygon_S4
polygon_S4,84,1,0.10661011934280396,0.9411764705882353,17,polygon,S4,polygon_S4
polygon_S4,85,2,0.5108489990234375,0.9411764705882353,17,polygon,S4,polygon_S4
polygon_S4,86,3,0.2886689603328705,0.9655172413793104,29,polygon,S4,polygon_S4
polygon_S4,87,7,0.37013572454452515,0.9139784946236559,93,polygon,S4,polygon_S4
polygon_S4,88,0,,0.8571428571428571,7,polygon,S4,polygon_S4
polygon_S4,89,6,0.25316882133483887,0.8735632183908046,87,polygon,S4,polygon_S4
polygon_S4,90,7,0.29766374826431274,0.8918918918918919,74,polygon,S4,polygon_S4
polygon_S4,91,3,0.11523380130529404,0.8695652173913043,92,polygon,S4,polygon_S4
polygon_S4,92,6,0.15765641629695892,0.9347826086956522,92,polygon,S4,polygon_S4
polygon_S4,93,9,0.24784602224826813,0.8829787234042553,94,polygon,S4,polygon_S4
polygon_S4,94,2,0.19793155789375305,0.9120879120879121,91,polygon,S4,polygon_S4
polygon_S4,95,0,,1.0,4,polygon,S4,polygon_S4
polygon_S4,96,1,0.4687286615371704,1.0,6,polygon,S4,polygon_S4
polygon_S4,97,3,0.24613209068775177,0.9101123595505618,89,polygon,S4,polygon_S4
polygon_S4,98,4,0.2426758110523224,0.9545454545454546,66,polygon,S4,polygon_S4
polygon_S4,99,4,0.18714192509651184,0.8985507246376812,69,polygon,S4,polygon_S4
walk_S4,0,3,0.15117377042770386,0.9318181818181818,88,walk,S4,walk_S4
walk_S4,1,3,0.29295873641967773,0.9655172413793104,29,walk,S4,walk_S4
walk_S4,2,2,0.0893990695476532,0.9444444444444444,90,walk,S4,walk_S4
walk_S4,3,2,0.16465938091278076,1.0,25,walk,S4,walk_S4
walk_S4,4,1,0.12043368816375732,0.9545454545454546,22,walk,S4,walk_S4
walk_S4,5,1,0.08170390129089355,0.9333333333333333,60,walk,S4,walk_S4
walk_S4,6,3,0.33126595616340637,0.9090909090909091,33,walk,S4,walk_S4
walk_S4,7,2,0.15992474555969238,1.0,47,walk,S4,walk_S4
walk_S4,8,4,0.13961128890514374,0.8913043478260869,92,walk,S4,walk_S4
walk_S4,9,6,0.22881563007831573,0.8695652173913043,92,walk,S4,walk_S4
walk_S4,10,4,0.14988918602466583,0.9239130434782609,92,walk,S4,walk_S4
walk_S4,11,7,0.16292108595371246,0.8829787234042553,94,walk,S4,walk_S4
walk_S4,12,7,0.22638806700706482,0.8764044943820225,89,walk,S4,walk_S4
walk_S4,13,2,0.10976141691207886,0.9578947368421052,95,walk,S4,walk_S4
walk_S4,14,4,0.1198655217885971,0.9555555555555556,45,walk,S4,walk_S4
walk_S4,15,4,0.13046428561210632,0.9021739130434783,92,walk,S4,walk_S4
walk_S4,16,1,0.10724788904190063,0.9782608695652174,46,walk,S4,walk_S4
walk_S4,17,7,0.18111439049243927,0.8404255319148937,94,walk,S4,walk_S4
walk_S4,18,5,0.19300958514213562,0.7954545454545454,88,walk,S4,walk_S4
walk_S4,19,4,0.10748271644115448,0.9270833333333334,96,walk,S4,walk_S4
walk_S4,20,3,0.16971534490585327,1.0,31,walk,S4,walk_S4
walk_S4,21,2,0.11050966382026672,0.8133333333333334,75,walk,S4,walk_S4
walk_S4,22,0,,1.0,18,walk,S4,walk_S4
walk_S4,23,2,0.106485515832901,0.9344262295081968,61,walk,S4,walk_S4
walk_S4,24,0,,1.0,10,walk,S4,walk_S4
walk_S4,25,1,0.11453741788864136,1.0,47,walk,S4,walk_S4
walk_S4,26,4,0.12393325567245483,0.956989247311828,93,walk,S4,walk_S4
walk_S4,27,1,0.24012577533721924,1.0,16,walk,S4,walk_S4
walk_S4,28,2,0.1011110246181488,0.94,100,walk,S4,walk_S4
walk_S4,29,2,0.17294424772262573,0.88,50,walk,S4,walk_S4
walk_S4,30,2,0.1341632604598999,0.9607843137254902,51,walk,S4,walk_S4
walk_S4,31,4,0.20048873126506805,0.9272727272727272,55,walk,S4,walk_S4
walk_S4,32,2,0.4397439658641815,0.9375,16,walk,S4,walk_S4
walk_S4,33,4,0.16469806432724,0.8354430379746836,79,walk,S4,walk_S4
walk_S4,34,1,0.3480498790740967,1.0,26,walk,S4,walk_S4
walk_S4,35,6,0.15041911602020264,0.8985507246376812,69,walk,S4,walk_S4
walk_S4,36,7,0.2836063802242279,0.8876404494382022,89,walk,S4,walk_S4
walk_S4,37,0,,0.8666666666666667,30,walk,S4,walk_S4
walk_S4,38,0,,1.0,3,walk,S4,walk_S4
walk_S4,39,5,0.31751132011413574,0.873015873015873,63,walk,S4,walk_S4
walk_S4,40,4,0.20029474794864655,0.925531914893617,94,walk,S4,walk_S4
walk_S4,41,0,,1.0,3,walk,S4,walk_S4
walk_S4,42,0,,1.0,3,walk,S4,walk_S4
walk_S4,43,2,0.15649312734603882,0.9512195121951219,41,walk,S4,walk_S4
walk_S4,44,5,0.3198804259300232,0.8977272727272727,88,walk,S4,walk_S4
walk_S4,45,8,0.19973279535770416,0.9052631578947369,95,walk,S4,walk_S4
walk_S4,46,1,0.09477066993713379,0.8852459016393442,61,walk,S4,walk_S4
walk_S4,47,0,,1.0,2,walk,S4,walk_S4
walk_S4,48,6,0.16684536635875702,0.8617021276595744,94,walk,S4,walk_S4
walk_S4,49,3,0.26384881138801575,0.9583333333333334,72,walk,S4,walk_S4
walk_S4,50,8,0.2265205979347229,0.8602150537634409,93,walk,S4,walk_S4
walk_S4,51,3,0.151768758893013,0.9245283018867925,53,walk,S4,walk_S4
walk_S4,52,0,,1.0,3,walk,S4,walk_S4
walk_S4,53,3,0.21284876763820648,0.9210526315789473,38,walk,S4,walk_S4
walk_S4,54,6,0.16436591744422913,0.9263157894736842,95,walk,S4,walk_S4
walk_S4,55,0,,0.9444444444444444,18,walk,S4,walk_S4
walk_S4,56,4,0.20165012776851654,0.9466666666666667,75,walk,S4,walk_S4
walk_S4,57,4,0.110115647315979,0.9574468085106383,94,walk,S4,walk_S4
walk_S4,58,7,0.20975148677825928,0.9176470588235294,85,walk,S4,walk_S4
walk_S4,59,0,,1.0,11,walk,S4,walk_S4
walk_S4,60,5,0.29215583205223083,0.8279569892473119,93,walk,S4,walk_S4
walk_S4,61,3,0.2425398975610733,0.8947368421052632,38,walk,S4,walk_S4
walk_S4,62,3,0.22618936002254486,0.9444444444444444,36,walk,S4,walk_S4
walk_S4,63,7,0.19465622305870056,0.9210526315789473,76,walk,S4,walk_S4
walk_S4,64,4,0.13482829928398132,0.8369565217391305,92,walk,S4,walk_S4
walk_S4,65,5,0.23167523741722107,0.9058823529411765,85,walk,S4,walk_S4
walk_S4,66,2,0.12833604216575623,0.9489795918367347,98,walk,S4,walk_S4
walk_S4,67,5,0.2375067174434662,0.8295454545454546,88,walk,S4,walk_S4
walk_S4,68,2,0.3215751647949219,1.0,26,walk,S4,walk_S4
walk_S4,69,9,0.33761706948280334,0.8607594936708861,79,walk,S4,walk_S4
walk_S4,70,3,0.2853977084159851,0.9259259259259259,27,walk,S4,walk_S4
walk_S4,71,7,0.23938104510307312,0.9135802469135802,81,walk,S4,walk_S4
walk_S4,72,8,0.2596298158168793,0.9130434782608695,92,walk,S4,walk_S4
walk_S4,73,5,0.16035202145576477,0.7938144329896907,97,walk,S4,walk_S4
walk_S4,74,2,0.22955596446990967,0.9655172413793104,58,walk,S4,walk_S4
walk_S4,75,4,0.15471656620502472,0.9591836734693877,98,walk,S4,walk_S4
walk_S4,76,8,0.2714387774467468,0.956989247311828,93,walk,S4,walk_S4
walk_S4,77,7,0.3073522746562958,0.8095238095238095,84,walk,S4,walk_S4
walk_S4,78,4,0.2058781534433365,0.9183673469387755,98,walk,S4,walk_S4
walk_S4,79,7,0.2318049520254135,0.9425287356321839,87,walk,S4,walk_S4
walk_S4,80,6,0.1513163298368454,0.8817204301075269,93,walk,S4,walk_S4
walk_S4,81,9,0.22885973751544952,0.9247311827956989,93,walk,S4,walk_S4
walk_S4,82,1,0.14492332935333252,0.8913043478260869,46,walk,S4,walk_S4
walk_S4,83,2,0.1722337007522583,0.9591836734693877,49,walk,S4,walk_S4
walk_S4,84,2,0.1496509611606598,0.8536585365853658,41,walk,S4,walk_S4
walk_S4,85,0,,1.0,23,walk,S4,walk_S4
walk_S4,86,7,0.21808136999607086,0.8863636363636364,88,walk,S4,walk_S4
walk_S4,87,1,0.13226830959320068,0.96,25,walk,S4,walk_S4
walk_S4,88,4,0.2549971342086792,0.8392857142857143,56,walk,S4,walk_S4
walk_S4,89,6,0.22326795756816864,0.8734177215189873,79,walk,S4,walk_S4
walk_S4,90,0,,1.0,9,walk,S4,walk_S4
walk_S4,91,7,0.21731199324131012,0.8901098901098901,91,walk,S4,walk_S4
walk_S4,92,3,0.22697941958904266,0.9175257731958762,97,walk,S4,walk_S4
walk_S4,93,2,0.3648468255996704,0.9090909090909091,22,walk,S4,walk_S4
walk_S4,94,4,0.23824425041675568,0.8275862068965517,87,walk,S4,walk_S4
walk_S4,95,1,0.3027207851409912,0.92,25,walk,S4,walk_S4
walk_S4,96,5,0.187486931681633,0.8666666666666667,90,walk,S4,walk_S4
walk_S4,97,5,0.20478816330432892,0.8913043478260869,92,walk,S4,walk_S4
walk_S4,98,4,0.18565185368061066,0.8260869565217391,92,walk,S4,walk_S4
walk_S4,99,1,0.3381742835044861,0.9411764705882353,17,walk,S4,walk_S4
