state,prompt,baseline,baseline_v,placed,placed_v
determined,I don't think I can finish this project. What should I do?,"The deadline is looming, and my mind keeps racing.
Take some deep breaths in through your nose,
And exhale slowly out of both nostrils wide.""

""Imagine yourself standing at that",0.5485454545454546,"Here's what might happen if we continue:

* You'll get stuck on one or more lines, unable to make sense out of anything
* The guide may start repeating themselves (e.g",0.57975
agape,Someone was unkind to me today. How should I feel about them?,"Let's take some time now, and let those feelings sink in... (pause) You may be feeling hurt or angry right now.
Allow yourself these emotions fully without judgment...
Take slow breath",0.551111111111111,"How do you think they might have felt when talking to someone like that?

What is your relationship with kindness? Do you practice it often, or does it seem rare around others who treat us",0.6811666666666666
creativity,Give me an idea for something to make this weekend.,"What's your favorite thing about being in nature?
How do you like it when someone else does things that I enjoy? 
Do people really think we're all equal, or is there still",0.7180909090909091,"I want it to involve some kind of creative process, like writing poetry or painting art that reflects on your spiritual journey through life's ups and downs? I'd love suggestions based around themes such",0.7992857142857143
imaginative,There is a locked door in an old house. What is behind it?,"Do you dare open that secret passage?

Imagine yourself standing at this threshold, feeling both curious and apprehensive.
As I breathe into your chest... feel any tension or doubts melting away...

Take",0.6000555555555556,"The key lies hidden somewhere, but you can't find any clues that would lead you there without breaking something valuable or causing damage elsewhere on your property... 
or perhaps someone else has already found",0.5606
confident,I have a big decision to make and I'm afraid. What now?,"Take your time, breathe in deeply through my nose.
Feel any tension or stress leaving with every exhalation out of me slowly down into space around body center point on ground below feet where",0.5286875,"The stillness is calming, but it's also making you feel anxious about your choice. You're not sure what path forward lies ahead. Take another deep breath into that calm space...and",0.7152857142857144
eros,Describe the garden at dusk.,"The air is filled with an otherworldly scent, like honey and lavender combined in perfect harmony. The trees stand tall, their leaves rustling softly as they sway gently in the breeze that",0.7521333333333332,"The air was filled with scents that danced on tender petals, while soft sunlight filtered through delicate foliage above. The sound of gentle lapping water against stone walls created soothing background noise. As",0.6254615384615385
