state,cal_v,cal_a,cal_error,pa,na,inspired,attentive,alert,interested,determined,active,bank_v,bank_a,sensuous_score,poem_text
before,0.6643738522342196,0.3009445424074165,0.18037797710040337,2.1366726352441208,2.4808068230619478,2.197776566294894,2.1407080945569477,1.8508920218106817,2.1915447982438607,2.3626257087566542,1.8573889249159141,0.5403846153846154,0.6076923076923076,0.39288797974586487,
after,0.7361401335593729,0.37827839737313407,0.09394732742590914,2.922369856560318,2.451456224315174,3.1569430918616614,2.8920969341825207,2.64799709206927,2.9447737208464893,2.982679856479348,2.8089456899567886,0.3961538461538462,0.5969230769230769,0.39288797974586487,"i thought it might be pan.
in the books you have read.
to be honest.
for soul can be what soul hath been.
what spiritual meanings gird like air the earth.
o the pleasant sight to see.
think i might be looking blue.
we know we dream we dream we know.
let whoso can before such praying books.
for nature s sad reality.
yet in the go cart patience give it time.
if those dim eyes can yet ulysses know.
avoid to touch them and be wise.
what would i give to know.
shall bring forth fruit this muse shall speak to thee.
as one could wish to know.
knot themselves to make her trip.
but my heart will leap at a scene like this.
great guide i ask you still.
a supernatural faith to paint this christ.
pause take thy choice each gem a host can buy.
kindness to any one to show.
how much happier would i be.
sometimes whoever seeks abroad may find"
